time_s,counts
0.0009,33.0
0.00095,31.0
0.001,37.0
0.00105,38.0
0.0011,44.0
0.00115,43.0
0.0012,46.0
0.0059,39.0
0.00595,34.0
0.006,41.0
0.00605,36.0
0.0061,23.0
0.00615,27.0
0.0062,46.0
0.0109,40.0
0.01095,42.0
0.011,42.0
0.01105,40.0
0.0111,40.0
0.01115,40.0
0.0112,43.0
0.0159,30.0
0.01595,41.0
0.016,32.0
0.01605,34.0
0.0161,37.0
0.01615,42.0
0.0162,29.0
0.0209,43.0
0.02095,33.0
0.021,40.0
0.02105,43.0
0.0211,44.0
0.02115,28.0
0.0212,39.0
0.0259,40.0
0.02595,29.0
0.026,27.0
0.02605,47.0
0.0261,35.0
0.02615,42.0
0.0262,35.0
0.0309,29.0
0.03095,39.0
0.031,47.0
0.03105,37.0
0.0311,37.0
0.03115,34.0
0.0312,42.0
0.0359,42.0
0.03595,39.0
0.036,36.0
0.03605,36.0
0.0361,44.0
0.03615,46.0
0.0362,32.0
0.0409,36.0
0.04095,41.0
0.041,28.0
0.04105,31.0
0.0411,44.0
0.04115,28.0
0.0412,29.0
0.0459,39.0
0.04595,32.0
0.046,44.0
0.04605,36.0
0.0461,44.0
0.04615,40.0
0.0462,21.0
0.0509,34.0
0.05095,35.0
0.051,34.0
0.05105,34.0
0.0511,24.0
0.05115,36.0
0.0512,29.0
0.0559,32.0
0.05595,31.0
0.056,36.0
0.05605,42.0
0.0561,39.0
0.05615,33.0
0.0562,24.0
0.0609,27.0
0.06095,33.0
0.061,39.0
0.06105,34.0
0.0611,23.0
0.06115,33.0
0.0612,23.0
0.0659,29.0
0.06595,34.0
0.066,35.0
0.06605,37.0
0.0661,42.0
0.06615,43.0
0.07085,29.0
0.0709,38.0
0.07095,27.0
0.071,39.0
0.07105,33.0
0.0711,30.0
0.07115,35.0
0.0712,21.0
0.07585,36.0
0.0759,43.0
0.07595,37.0
0.076,43.0
0.07605,40.0
0.0761,40.0
0.07615,46.0
0.08085,27.0
0.0809,51.0
0.08095,41.0
0.081,34.0
0.08105,39.0
0.0811,37.0
0.08115,42.0
0.08585,22.0
0.0859,40.0
0.08595,41.0
0.086,31.0
0.08605,37.0
0.0861,33.0
0.08615,42.0
0.09085,25.0
0.0909,56.0
0.09095,35.0
0.091,34.0
0.09105,38.0
0.0911,27.0
0.09115,37.0
0.09585,27.0
0.0959,24.0
0.09595,34.0
0.096,49.0
0.09605,43.0
0.0961,30.0
0.09615,31.0
0.10085,43.0
0.1009,26.0
0.10095,31.0
0.101,49.0
0.10105,49.0
0.1011,28.0
0.10115,45.0
0.10585,30.0
0.1059,40.0
0.10595,40.0
0.106,39.0
0.10605,38.0
0.1061,30.0
0.10615,47.0
0.11085,34.0
0.1109,36.0
0.11095,39.0
0.111,34.0
0.11105,31.0
0.1111,38.0
0.11115,39.0
0.11585,31.0
0.1159,44.0
0.11595,42.0
0.116,34.0
0.11605,35.0
0.1161,27.0
0.11615,39.0
0.12085,24.0
0.1209,37.0
0.12095,32.0
0.121,38.0
0.12105,38.0
0.1211,39.0
0.12115,37.0
0.12585,45.0
0.1259,36.0
0.12595,36.0
0.126,41.0
0.12605,34.0
0.1261,31.0
0.12615,28.0
0.13085,35.0
0.1309,41.0
0.13095,35.0
0.131,35.0
0.13105,26.0
0.1311,37.0
0.13115,45.0
0.13585,40.0
0.1359,30.0
0.13595,33.0
0.136,48.0
0.13605,44.0
0.1361,37.0
0.13615,33.0
0.14085,42.0
0.1409,41.0
0.14095,42.0
0.141,43.0
0.14105,25.0
0.1411,35.0
0.14115,35.0
0.1458,22.0
0.14585,33.0
0.1459,36.0
0.14595,28.0
0.146,48.0
0.14605,48.0
0.1461,34.0
0.14615,27.0
0.15085,47.0
0.1509,29.0
0.15095,37.0
0.151,30.0
0.15105,36.0
0.1511,28.0
0.15115,21.0
0.15585,39.0
0.1559,38.0
0.15595,33.0
0.156,32.0
0.15605,31.0
0.1561,33.0
0.16085,29.0
0.1609,43.0
0.16095,32.0
0.161,32.0
0.16105,39.0
0.1611,35.0
0.1658,22.0
0.16585,39.0
0.1659,32.0
0.16595,40.0
0.166,42.0
0.16605,31.0
0.1661,38.0
0.1708,23.0
0.17085,38.0
0.1709,30.0
0.17095,32.0
0.171,51.0
0.17105,36.0
0.1711,28.0
0.1758,27.0
0.17585,46.0
0.1759,46.0
0.17595,25.0
0.176,43.0
0.17605,39.0
0.1761,31.0
0.1808,22.0
0.18085,41.0
0.1809,47.0
0.18095,37.0
0.181,32.0
0.18105,28.0
0.1811,48.0
0.18585,34.0
0.1859,33.0
0.18595,35.0
0.186,44.0
0.18605,32.0
0.1908,25.0
0.19085,43.0
0.1909,30.0
0.19095,42.0
0.191,34.0
0.19105,32.0
0.1911,54.0
0.1958,41.0
0.19585,25.0
0.1959,45.0
0.19595,34.0
0.196,34.0
0.19605,37.0
0.1961,40.0
0.2008,35.0
0.20085,41.0
0.2009,41.0
0.20095,40.0
0.201,46.0
0.20105,42.0
0.2011,38.0
0.2058,37.0
0.20585,40.0
0.2059,37.0
0.20595,35.0
0.206,37.0
0.20605,38.0
0.2061,34.0
0.2108,41.0
0.21085,36.0
0.2109,38.0
0.21095,41.0
0.211,34.0
0.21105,37.0
0.2111,30.0
0.2158,31.0
0.21585,44.0
0.2159,52.0
0.21595,37.0
0.216,34.0
0.21605,33.0
0.2161,33.0
0.2208,45.0
0.22085,36.0
0.2209,40.0
0.22095,43.0
0.221,39.0
0.22105,33.0
0.2211,32.0
0.2258,34.0
0.22585,47.0
0.2259,27.0
0.22595,29.0
0.226,36.0
0.22605,33.0
0.2261,42.0
0.2308,44.0
0.23085,38.0
0.2309,38.0
0.23095,40.0
0.231,33.0
0.23105,41.0
0.2311,35.0
0.2358,33.0
0.23585,36.0
0.2359,39.0
0.23595,50.0
0.236,36.0
0.23605,47.0
0.2361,22.0
0.2408,35.0
0.24085,43.0
0.2409,26.0
0.24095,37.0
0.241,35.0
0.24105,26.0
0.2411,30.0
0.2458,35.0
0.24585,38.0
0.2459,30.0
0.24595,38.0
0.246,38.0
0.24605,37.0
0.2461,24.0
0.2508,49.0
0.25085,35.0
0.2509,38.0
0.25095,39.0
0.251,40.0
0.25105,32.0
0.2511,26.0
0.2558,36.0
0.25585,33.0
0.2559,36.0
0.25595,34.0
0.256,38.0
0.25605,29.0
0.26075,22.0
0.2608,28.0
0.26085,33.0
0.2609,41.0
0.26095,29.0
0.261,38.0
0.26105,46.0
0.26575,25.0
0.2658,43.0
0.26585,49.0
0.2659,31.0
0.26595,48.0
0.266,51.0
0.26605,43.0
0.2661,23.0
0.27075,22.0
0.2708,29.0
0.27085,37.0
0.2709,40.0
0.27095,39.0
0.271,36.0
0.27105,41.0
0.27575,40.0
0.2758,33.0
0.27585,36.0
0.2759,38.0
0.27595,39.0
0.276,37.0
0.27605,39.0
0.28075,22.0
0.2808,31.0
0.28085,32.0
0.2809,39.0
0.28095,27.0
0.281,24.0
0.28105,36.0
0.28575,26.0
0.2858,33.0
0.28585,31.0
0.2859,34.0
0.28595,38.0
0.286,41.0
0.28605,36.0
0.29075,34.0
0.2908,35.0
0.29085,42.0
0.2909,46.0
0.29095,36.0
0.291,37.0
0.29105,48.0
0.29575,38.0
0.2958,35.0
0.29585,47.0
0.2959,28.0
0.29595,31.0
0.296,44.0
0.29605,36.0
0.30075,49.0
0.3008,50.0
0.30085,44.0
0.3009,42.0
0.30095,36.0
0.301,42.0
0.30105,45.0
0.30575,42.0
0.3058,45.0
0.30585,35.0
0.3059,36.0
0.30595,45.0
0.306,35.0
0.30605,31.0
0.31075,35.0
0.3108,39.0
0.31085,46.0
0.3109,28.0
0.31095,32.0
0.311,42.0
0.31105,37.0
0.31575,25.0
0.3158,36.0
0.31585,31.0
0.3159,32.0
0.31595,37.0
0.316,38.0
0.31605,30.0
0.32075,27.0
0.3208,43.0
0.32085,25.0
0.3209,34.0
0.32095,43.0
0.321,42.0
0.32105,33.0
0.32575,29.0
0.3258,39.0
0.32585,40.0
0.3259,32.0
0.32595,41.0
0.326,49.0
0.32605,30.0
0.33075,43.0
0.3308,31.0
0.33085,42.0
0.3309,30.0
0.33095,35.0
0.331,35.0
0.33105,29.0
0.33575,41.0
0.3358,38.0
0.33585,25.0
0.3359,29.0
0.33595,42.0
0.336,45.0
0.33605,23.0
0.34075,30.0
0.3408,29.0
0.34085,39.0
0.3409,33.0
0.34095,37.0
0.341,37.0
0.34105,27.0
0.34575,29.0
0.3458,44.0
0.34585,31.0
0.3459,35.0
0.34595,44.0
0.346,35.0
0.34605,28.0
0.35075,40.0
0.3508,37.0
0.35085,33.0
0.3509,33.0
0.35095,30.0
0.351,32.0
0.35105,26.0
0.35575,34.0
0.3558,39.0
0.35585,40.0
0.3559,37.0
0.35595,33.0
0.356,40.0
0.35605,30.0
0.3607,31.0
0.36075,32.0
0.3608,32.0
0.36085,37.0
0.3609,34.0
0.36095,44.0
0.361,45.0
0.3657,32.0
0.36575,42.0
0.3658,39.0
0.36585,33.0
0.3659,32.0
0.36595,30.0
0.366,50.0
0.3707,29.0
0.37075,42.0
0.3708,34.0
0.37085,36.0
0.3709,37.0
0.37095,35.0
0.371,37.0
0.37105,24.0
0.3757,26.0
0.37575,43.0
0.3758,38.0
0.37585,42.0
0.3759,31.0
0.37595,37.0
0.376,37.0
0.3807,36.0
0.38075,42.0
0.3808,34.0
0.38085,32.0
0.3809,29.0
0.38095,35.0
0.381,42.0
0.3857,38.0
0.38575,50.0
0.3858,32.0
0.38585,34.0
0.3859,48.0
0.38595,40.0
0.386,26.0
0.3907,38.0
0.39075,43.0
0.3908,40.0
0.39085,37.0
0.3909,40.0
0.39095,42.0
0.3957,34.0
0.39575,27.0
0.3958,28.0
0.39585,38.0
0.3959,34.0
0.39595,31.0
0.396,31.0
0.4007,41.0
0.40075,35.0
0.4008,38.0
0.40085,44.0
0.4009,29.0
0.40095,38.0
0.401,32.0
0.4057,28.0
0.40575,35.0
0.4058,36.0
0.40585,45.0
0.4059,34.0
0.40595,47.0
0.406,25.0
0.4107,48.0
0.41075,37.0
0.4108,36.0
0.41085,29.0
0.4109,49.0
0.41095,27.0
0.411,33.0
0.4157,34.0
0.41575,47.0
0.4158,39.0
0.41585,27.0
0.4159,34.0
0.41595,39.0
0.416,23.0
0.4207,44.0
0.42075,53.0
0.4208,29.0
0.42085,30.0
0.4209,41.0
0.42095,37.0
0.421,36.0
0.4257,36.0
0.42575,38.0
0.4258,36.0
0.42585,34.0
0.4259,45.0
0.42595,33.0
0.426,29.0
0.4307,42.0
0.43075,44.0
0.4308,36.0
0.43085,35.0
0.4309,29.0
0.43095,38.0
0.431,34.0
0.4357,30.0
0.43575,30.0
0.4358,33.0
0.43585,40.0
0.4359,35.0
0.43595,40.0
0.436,30.0
0.4407,32.0
0.44075,38.0
0.4408,37.0
0.44085,31.0
0.4409,40.0
0.44095,39.0
0.4457,35.0
0.44575,35.0
0.4458,42.0
0.44585,43.0
0.4459,31.0
0.44595,46.0
0.45065,21.0
0.4507,30.0
0.45075,49.0
0.4508,37.0
0.45085,31.0
0.4509,29.0
0.45095,40.0
0.451,23.0
0.45565,22.0
0.4557,34.0
0.45575,28.0
0.4558,33.0
0.45585,34.0
0.4559,53.0
0.45595,39.0
0.46065,28.0
0.4607,36.0
0.46075,39.0
0.4608,44.0
0.46085,41.0
0.4609,35.0
0.46095,36.0
0.46565,24.0
0.4657,40.0
0.46575,42.0
0.4658,42.0
0.46585,41.0
0.4659,26.0
0.46595,33.0
0.47065,23.0
0.4707,37.0
0.47075,33.0
0.4708,33.0
0.47085,29.0
0.4709,36.0
0.47095,32.0
0.47565,32.0
0.4757,38.0
0.47575,38.0
0.4758,39.0
0.47585,29.0
0.4759,41.0
0.47595,36.0
0.48065,27.0
0.4807,48.0
0.48075,36.0
0.4808,46.0
0.48085,34.0
0.4809,46.0
0.48095,29.0
0.48565,31.0
0.4857,32.0
0.48575,50.0
0.4858,36.0
0.48585,47.0
0.4859,29.0
0.48595,38.0
0.49065,45.0
0.4907,31.0
0.49075,47.0
0.4908,38.0
0.49085,38.0
0.4909,31.0
0.49095,42.0
0.49565,42.0
0.4957,38.0
0.49575,40.0
0.4958,41.0
0.49585,28.0
0.4959,32.0
0.49595,26.0
0.50065,28.0
0.5007,34.0
0.50075,36.0
0.5008,42.0
0.50085,38.0
0.5009,45.0
0.50095,36.0
0.50565,37.0
0.5057,37.0
0.50575,46.0
0.5058,37.0
0.50585,30.0
0.5059,39.0
0.50595,32.0
0.51065,47.0
0.5107,37.0
0.51075,40.0
0.5108,34.0
0.51085,41.0
0.5109,40.0
0.51095,35.0
0.51565,36.0
0.5157,31.0
0.51575,42.0
0.5158,30.0
0.51585,31.0
0.5159,42.0
0.51595,31.0
0.52065,40.0
0.5207,41.0
0.52075,37.0
0.5208,32.0
0.52085,45.0
0.5209,45.0
0.52095,28.0
0.52565,42.0
0.5257,43.0
0.52575,32.0
0.5258,38.0
0.52585,27.0
0.5259,42.0
0.52595,23.0
0.53065,29.0
0.5307,37.0
0.53075,34.0
0.5308,35.0
0.53085,41.0
0.5309,37.0
0.5356,21.0
0.53565,38.0
0.5357,38.0
0.53575,44.0
0.5358,35.0
0.53585,38.0
0.5359,38.0
0.53595,25.0
0.5406,24.0
0.54065,56.0
0.5407,34.0
0.54075,38.0
0.5408,34.0
0.54085,41.0
0.5409,31.0
0.54565,28.0
0.5457,37.0
0.54575,29.0
0.5458,36.0
0.54585,36.0
0.5459,28.0
0.54595,30.0
0.5506,29.0
0.55065,34.0
0.5507,34.0
0.55075,42.0
0.5508,37.0
0.55085,45.0
0.5509,43.0
0.55565,41.0
0.5557,40.0
0.55575,41.0
0.5558,41.0
0.55585,35.0
0.5559,38.0
0.5606,31.0
0.56065,32.0
0.5607,27.0
0.56075,35.0
0.5608,25.0
0.56085,43.0
0.5609,33.0
0.5656,25.0
0.56565,38.0
0.5657,41.0
0.56575,34.0
0.5658,30.0
0.56585,39.0
0.5659,33.0
0.5706,33.0
0.57065,49.0
0.5707,37.0
0.57075,40.0
0.5708,29.0
0.57085,38.0
0.5709,37.0
0.5756,54.0
0.57565,29.0
0.5757,43.0
0.57575,33.0
0.5758,37.0
0.57585,27.0
0.5759,45.0
0.5806,34.0
0.58065,22.0
0.5807,37.0
0.58075,23.0
0.5808,34.0
0.58085,43.0
0.5809,35.0
0.5856,42.0
0.58565,39.0
0.5857,39.0
0.58575,34.0
0.5858,37.0
0.58585,44.0
0.5859,38.0
0.5906,41.0
0.59065,39.0
0.5907,42.0
0.59075,33.0
0.5908,51.0
0.59085,24.0
0.5909,35.0
0.5956,51.0
0.59565,37.0
0.5957,38.0
0.59575,45.0
0.5958,37.0
0.59585,32.0
0.5959,40.0
0.6006,38.0
0.60065,32.0
0.6007,46.0
0.60075,34.0
0.6008,35.0
0.60085,30.0
0.6009,36.0
0.6056,33.0
0.60565,35.0
0.6057,40.0
0.60575,42.0
0.6058,42.0
0.60585,34.0
0.6059,30.0
0.6106,33.0
0.61065,39.0
0.6107,42.0
0.61075,46.0
0.6108,39.0
0.61085,43.0
0.6109,33.0
0.6156,39.0
0.61565,33.0
0.6157,37.0
0.61575,34.0
0.6158,34.0
0.61585,46.0
0.6159,30.0
0.6206,37.0
0.62065,46.0
0.6207,41.0
0.62075,45.0
0.6208,32.0
0.62085,41.0
0.6209,37.0
0.62555,23.0
0.6256,43.0
0.62565,43.0
0.6257,39.0
0.62575,25.0
0.6258,46.0
0.62585,34.0
0.6259,22.0
0.6306,39.0
0.63065,18.0
0.6307,39.0
0.63075,35.0
0.6308,33.0
0.63085,33.0
0.6309,28.0
0.63555,21.0
0.6356,32.0
0.63565,42.0
0.6357,34.0
0.63575,32.0
0.6358,41.0
0.63585,32.0
0.6359,22.0
0.6406,39.0
0.64065,46.0
0.6407,53.0
0.64075,35.0
0.6408,31.0
0.64085,41.0
0.64555,22.0
0.6456,29.0
0.64565,27.0
0.6457,44.0
0.64575,57.0
0.6458,45.0
0.64585,29.0
0.6459,31.0
0.65055,34.0
0.6506,32.0
0.65065,38.0
0.6507,37.0
0.65075,43.0
0.6508,39.0
0.65085,31.0
0.65555,26.0
0.6556,34.0
0.65565,42.0
0.6557,42.0
0.65575,38.0
0.6558,37.0
0.65585,26.0
0.66055,33.0
0.6606,36.0
0.66065,45.0
0.6607,32.0
0.66075,33.0
0.6608,40.0
0.66085,28.0
0.66555,38.0
0.6656,32.0
0.66565,40.0
0.6657,46.0
0.66575,40.0
0.6658,33.0
0.66585,38.0
0.67055,38.0
0.6706,36.0
0.67065,32.0
0.6707,41.0
0.67075,26.0
0.6708,42.0
0.67085,38.0
0.67555,36.0
0.6756,46.0
0.67565,39.0
0.6757,33.0
0.67575,32.0
0.6758,40.0
0.67585,39.0
0.68055,46.0
0.6806,39.0
0.68065,37.0
0.6807,32.0
0.68075,37.0
0.6808,49.0
0.68085,36.0
0.68555,42.0
0.6856,32.0
0.68565,41.0
0.6857,39.0
0.68575,31.0
0.6858,44.0
0.68585,30.0
0.69055,37.0
0.6906,52.0
0.69065,28.0
0.6907,41.0
0.69075,42.0
0.6908,40.0
0.69085,39.0
0.69555,31.0
0.6956,37.0
0.69565,46.0
0.6957,34.0
0.69575,28.0
0.6958,36.0
0.69585,39.0
0.70055,45.0
0.7006,34.0
0.70065,37.0
0.7007,34.0
0.70075,34.0
0.7008,35.0
0.70085,32.0
0.70555,38.0
0.7056,41.0
0.70565,39.0
0.7057,33.0
0.70575,37.0
0.7058,29.0
0.70585,28.0
0.71055,35.0
0.7106,34.0
0.71065,31.0
0.7107,27.0
0.71075,42.0
0.7108,36.0
0.71085,31.0
0.71555,45.0
0.7156,46.0
0.71565,28.0
0.7157,34.0
0.71575,39.0
0.7158,37.0
0.71585,34.0
0.72055,44.0
0.7206,25.0
0.72065,39.0
0.7207,30.0
0.72075,34.0
0.7208,29.0
0.72085,21.0
0.72555,45.0
0.7256,41.0
0.72565,40.0
0.7257,49.0
0.72575,33.0
0.7258,28.0
0.72585,21.0
0.7305,30.0
0.73055,36.0
0.7306,33.0
0.73065,42.0
0.7307,47.0
0.73075,41.0
0.7308,41.0
0.7355,22.0
0.73555,51.0
0.7356,38.0
0.73565,35.0
0.7357,36.0
0.73575,34.0
0.7358,33.0
0.7405,28.0
0.74055,33.0
0.7406,38.0
0.74065,26.0
0.7407,41.0
0.74075,32.0
0.7408,29.0
0.74085,26.0
0.7455,36.0
0.74555,35.0
0.7456,45.0
0.74565,46.0
0.7457,40.0
0.74575,50.0
0.7458,40.0
0.74585,23.0
0.7505,36.0
0.75055,48.0
0.7506,32.0
0.75065,42.0
0.7507,38.0
0.75075,31.0
0.7508,39.0
0.7555,28.0
0.75555,37.0
0.7556,34.0
0.75565,32.0
0.7557,31.0
0.75575,39.0
0.7558,31.0
0.7605,33.0
0.76055,42.0
0.7606,32.0
0.76065,35.0
0.7607,34.0
0.76075,41.0
0.7608,25.0
0.7655,22.0
0.76555,21.0
0.7656,37.0
0.76565,45.0
0.7657,40.0
0.76575,47.0
0.7658,30.0
0.7705,30.0
0.77055,28.0
0.7706,44.0
0.77065,27.0
0.7707,35.0
0.77075,37.0
0.7708,33.0
0.7755,47.0
0.77555,28.0
0.7756,33.0
0.77565,24.0
0.7757,28.0
0.77575,34.0
0.7758,47.0
0.7805,30.0
0.78055,38.0
0.7806,29.0
0.78065,44.0
0.7807,37.0
0.78075,35.0
0.7808,52.0
0.7855,41.0
0.78555,30.0
0.7856,44.0
0.78565,42.0
0.7857,39.0
0.78575,40.0
0.7858,35.0
0.7905,31.0
0.79055,39.0
0.7906,30.0
0.79065,28.0
0.7907,41.0
0.79075,34.0
0.7908,37.0
0.7955,31.0
0.79555,29.0
0.7956,39.0
0.79565,35.0
0.7957,37.0
0.79575,40.0
0.7958,27.0
0.8005,34.0
0.80055,32.0
0.8006,38.0
0.80065,35.0
0.8007,33.0
0.80075,26.0
0.8008,26.0
0.80545,24.0
0.8055,31.0
0.80555,39.0
0.8056,35.0
0.80565,47.0
0.8057,27.0
0.80575,29.0
0.8058,30.0
0.8105,44.0
0.81055,33.0
0.8106,30.0
0.81065,29.0
0.8107,31.0
0.81075,31.0
0.8108,26.0
0.8155,39.0
0.81555,34.0
0.8156,50.0
0.81565,43.0
0.8157,31.0
0.81575,41.0
0.8158,30.0
0.82045,26.0
0.8205,22.0
0.82055,44.0
0.8206,42.0
0.82065,28.0
0.8207,38.0
0.82075,43.0
0.8208,21.0
0.8255,51.0
0.82555,41.0
0.8256,31.0
0.82565,31.0
0.8257,41.0
0.82575,34.0
0.8305,42.0
0.83055,42.0
0.8306,37.0
0.83065,37.0
0.8307,28.0
0.83075,32.0
0.83545,34.0
0.8355,39.0
0.83555,45.0
0.8356,39.0
0.83565,35.0
0.8357,30.0
0.83575,42.0
0.84045,21.0
0.8405,42.0
0.84055,28.0
0.8406,38.0
0.84065,54.0
0.8407,43.0
0.84075,39.0
0.84545,25.0
0.8455,35.0
0.84555,41.0
0.8456,40.0
0.84565,30.0
0.8457,36.0
0.84575,43.0
0.85045,36.0
0.8505,33.0
0.85055,33.0
0.8506,34.0
0.85065,37.0
0.8507,41.0
0.85075,42.0
0.85545,34.0
0.8555,46.0
0.85555,42.0
0.8556,40.0
0.85565,37.0
0.8557,34.0
0.85575,31.0
0.86045,41.0
0.8605,34.0
0.86055,37.0
0.8606,32.0
0.86065,42.0
0.8607,43.0
0.86075,37.0
0.86545,29.0
0.8655,32.0
0.86555,46.0
0.8656,36.0
0.86565,35.0
0.8657,38.0
0.86575,32.0
0.87045,27.0
0.8705,35.0
0.87055,30.0
0.8706,32.0
0.87065,33.0
0.8707,31.0
0.87075,29.0
0.87545,42.0
0.8755,29.0
0.87555,32.0
0.8756,37.0
0.87565,47.0
0.8757,30.0
0.87575,45.0
0.88045,40.0
0.8805,35.0
0.88055,37.0
0.8806,41.0
0.88065,47.0
0.8807,29.0
0.88075,36.0
0.88545,41.0
0.8855,33.0
0.88555,44.0
0.8856,32.0
0.88565,37.0
0.8857,38.0
0.88575,36.0
0.89045,35.0
0.8905,35.0
0.89055,33.0
0.8906,24.0
0.89065,51.0
0.8907,38.0
0.89075,24.0
0.89545,39.0
0.8955,31.0
0.89555,43.0
0.8956,41.0
0.89565,36.0
0.8957,35.0
0.89575,32.0
0.90045,48.0
0.9005,26.0
0.90055,34.0
0.9006,42.0
0.90065,44.0
0.9007,32.0
0.90075,24.0
0.90545,44.0
0.9055,32.0
0.90555,46.0
0.9056,35.0
0.90565,30.0
0.9057,35.0
0.90575,21.0
0.91045,23.0
0.9105,42.0
0.91055,45.0
0.9106,28.0
0.91065,51.0
0.9107,39.0
0.91075,31.0
0.9154,27.0
0.91545,45.0
0.9155,33.0
0.91555,30.0
0.9156,37.0
0.91565,32.0
0.9157,42.0
0.91575,21.0
0.9204,31.0
0.92045,32.0
0.9205,38.0
0.92055,30.0
0.9206,27.0
0.92065,37.0
0.9207,38.0
0.92075,24.0
0.9254,28.0
0.92545,46.0
0.9255,45.0
0.92555,29.0
0.9256,40.0
0.92565,36.0
0.9257,23.0
0.93045,24.0
0.9305,28.0
0.93055,42.0
0.9306,32.0
0.93065,36.0
0.9307,37.0
0.93075,22.0
0.9354,28.0
0.93545,37.0
0.9355,37.0
0.93555,48.0
0.9356,37.0
0.93565,38.0
0.9357,30.0
0.9404,31.0
0.94045,38.0
0.9405,39.0
0.94055,34.0
0.9406,33.0
0.94065,42.0
0.9407,44.0
0.9454,31.0
0.94545,45.0
0.9455,34.0
0.94555,35.0
0.9456,23.0
0.94565,46.0
0.9457,35.0
0.9504,40.0
0.95045,39.0
0.9505,41.0
0.95055,46.0
0.9506,36.0
0.95065,28.0
0.9507,43.0
0.9554,28.0
0.95545,46.0
0.9555,27.0
0.95555,34.0
0.9556,33.0
0.95565,32.0
0.9557,35.0
0.9604,28.0
0.96045,27.0
0.9605,38.0
0.96055,26.0
0.9606,31.0
0.96065,37.0
0.9607,47.0
0.9654,33.0
0.96545,38.0
0.9655,28.0
0.96555,38.0
0.9656,40.0
0.96565,42.0
0.9657,34.0
0.9704,41.0
0.97045,37.0
0.9705,37.0
0.97055,43.0
0.9706,44.0
0.97065,43.0
0.9707,36.0
0.9754,38.0
0.97545,41.0
0.9755,40.0
0.97555,49.0
0.9756,29.0
0.97565,35.0
0.9757,38.0
0.9804,41.0
0.98045,45.0
0.9805,31.0
0.98055,39.0
0.9806,30.0
0.98065,42.0
0.9807,28.0
0.9854,37.0
0.98545,31.0
0.9855,41.0
0.98555,42.0
0.9856,43.0
0.98565,27.0
0.9857,25.0
0.9904,31.0
0.99045,32.0
0.9905,27.0
0.99055,37.0
0.9906,47.0
0.99065,41.0
0.9907,27.0
0.9954,38.0
0.99545,45.0
0.9955,42.0
0.99555,38.0
0.9956,34.0
0.99565,31.0
0.9957,30.0
1.0004,42.0
1.00045,49.0
1.0005,33.0
1.00055,32.0
1.0006,42.0
1.00065,34.0
1.0007,28.0
1.00535,25.0
1.0054,29.0
1.00545,36.0
1.0055,42.0
1.00555,36.0
1.0056,39.0
1.00565,28.0
1.0104,29.0
1.01045,31.0
1.0105,39.0
1.01055,34.0
1.0106,39.0
1.01065,43.0
1.01535,24.0
1.0154,26.0
1.01545,45.0
1.0155,25.0
1.01555,32.0
1.0156,29.0
1.01565,34.0
1.0204,43.0
1.02045,34.0
1.0205,34.0
1.02055,44.0
1.0206,46.0
1.02065,38.0
1.0254,38.0
1.02545,36.0
1.0255,36.0
1.02555,32.0
1.0256,31.0
1.02565,38.0
1.0257,24.0
1.03035,21.0
1.0304,35.0
1.03045,29.0
1.0305,30.0
1.03055,37.0
1.0306,44.0
1.03065,29.0
1.03535,33.0
1.0354,32.0
1.03545,29.0
1.0355,43.0
1.03555,34.0
1.0356,38.0
1.03565,33.0
1.04035,37.0
1.0404,35.0
1.04045,39.0
1.0405,36.0
1.04055,44.0
1.0406,34.0
1.04065,45.0
1.04535,38.0
1.0454,31.0
1.04545,38.0
1.0455,45.0
1.04555,37.0
1.0456,38.0
1.04565,39.0
1.05035,33.0
1.0504,40.0
1.05045,37.0
1.0505,29.0
1.05055,45.0
1.0506,31.0
1.05065,35.0
1.05535,38.0
1.0554,41.0
1.05545,35.0
1.0555,48.0
1.05555,50.0
1.0556,35.0
1.05565,31.0
1.06035,33.0
1.0604,41.0
1.06045,35.0
1.0605,32.0
1.06055,40.0
1.0606,40.0
1.06065,34.0
1.06535,34.0
1.0654,52.0
1.06545,42.0
1.0655,33.0
1.06555,38.0
1.0656,51.0
1.06565,38.0
1.07035,28.0
1.0704,37.0
1.07045,44.0
1.0705,32.0
1.07055,24.0
1.0706,30.0
1.07065,31.0
1.07535,41.0
1.0754,35.0
1.07545,27.0
1.0755,47.0
1.07555,37.0
1.0756,33.0
1.07565,31.0
1.08035,26.0
1.0804,32.0
1.08045,44.0
1.0805,32.0
1.08055,36.0
1.0806,40.0
1.08065,25.0
1.08535,45.0
1.0854,35.0
1.08545,29.0
1.0855,31.0
1.08555,30.0
1.0856,36.0
1.08565,33.0
1.09035,36.0
1.0904,33.0
1.09045,30.0
1.0905,37.0
1.09055,44.0
1.0906,37.0
1.09535,43.0
1.0954,30.0
1.09545,35.0
1.0955,41.0
1.09555,34.0
1.0956,32.0
1.09565,27.0
1.10035,33.0
1.1004,27.0
1.10045,43.0
1.1005,43.0
1.10055,45.0
1.1006,35.0
1.10065,24.0
1.10535,30.0
1.1054,34.0
1.10545,44.0
1.1055,35.0
1.10555,38.0
1.1056,35.0
1.10565,25.0
1.11035,37.0
1.1104,54.0
1.11045,45.0
1.1105,41.0
1.11055,42.0
1.1106,29.0
1.1153,22.0
1.11535,40.0
1.1154,29.0
1.11545,34.0
1.1155,32.0
1.11555,33.0
1.1156,34.0
1.11565,22.0
1.1203,26.0
1.12035,33.0
1.1204,42.0
1.12045,37.0
1.1205,38.0
1.12055,35.0
1.1206,31.0
1.1253,23.0
1.12535,36.0
1.1254,43.0
1.12545,37.0
1.1255,40.0
1.12555,27.0
1.1256,41.0
1.1303,37.0
1.13035,37.0
1.1304,36.0
1.13045,37.0
1.1305,38.0
1.13055,42.0
1.1306,32.0
1.1353,25.0
1.13535,40.0
1.1354,39.0
1.13545,27.0
1.1355,36.0
1.13555,34.0
1.1356,37.0
1.1403,26.0
1.14035,40.0
1.1404,30.0
1.14045,37.0
1.1405,34.0
1.14055,35.0
1.1406,35.0
1.1453,23.0
1.14535,42.0
1.1454,35.0
1.14545,44.0
1.1455,34.0
1.14555,30.0
1.1456,29.0
1.1503,45.0
1.15035,37.0
1.1504,34.0
1.15045,33.0
1.1505,34.0
1.15055,45.0
1.1506,36.0
1.1553,33.0
1.15535,31.0
1.1554,46.0
1.15545,24.0
1.1555,43.0
1.15555,49.0
1.1556,31.0
1.1603,44.0
1.16035,32.0
1.1604,38.0
1.16045,38.0
1.1605,34.0
1.16055,27.0
1.1606,30.0
1.1653,29.0
1.16535,36.0
1.1654,35.0
1.16545,41.0
1.1655,34.0
1.16555,33.0
1.1656,24.0
1.1703,42.0
1.17035,30.0
1.1704,36.0
1.17045,38.0
1.1705,44.0
1.17055,24.0
1.1706,26.0
1.1753,33.0
1.17535,39.0
1.1754,34.0
1.17545,29.0
1.1755,35.0
1.17555,40.0
1.1756,31.0
1.1803,45.0
1.18035,40.0
1.1804,44.0
1.18045,40.0
1.1805,23.0
1.18055,39.0
1.1806,28.0
1.18525,21.0
1.1853,32.0
1.18535,41.0
1.1854,42.0
1.18545,29.0
1.1855,40.0
1.18555,39.0
1.1903,49.0
1.19035,26.0
1.1904,33.0
1.19045,37.0
1.1905,36.0
1.19055,39.0
1.1906,30.0
1.19525,23.0
1.1953,41.0
1.19535,37.0
1.1954,28.0
1.19545,37.0
1.1955,31.0
1.19555,35.0
1.1956,24.0
1.20025,22.0
1.2003,32.0
1.20035,40.0
1.2004,46.0
1.20045,43.0
1.2005,38.0
1.20055,32.0
1.20525,22.0
1.2053,41.0
1.20535,41.0
1.2054,31.0
1.20545,43.0
1.2055,36.0
1.20555,51.0
1.21025,27.0
1.2103,41.0
1.21035,35.0
1.2104,23.0
1.21045,41.0
1.2105,48.0
1.21055,36.0
1.21525,29.0
1.2153,34.0
1.21535,38.0
1.2154,35.0
1.21545,37.0
1.2155,38.0
1.21555,39.0
1.22025,32.0
1.2203,45.0
1.22035,35.0
1.2204,44.0
1.22045,33.0
1.2205,42.0
1.22055,32.0
1.22525,32.0
1.2253,30.0
1.22535,36.0
1.2254,37.0
1.22545,29.0
1.2255,35.0
1.22555,35.0
1.23025,34.0
1.2303,27.0
1.23035,38.0
1.2304,38.0
1.23045,43.0
1.2305,38.0
1.23055,35.0
1.23525,22.0
1.2353,30.0
1.23535,34.0
1.2354,39.0
1.23545,46.0
1.2355,39.0
1.23555,56.0
1.24025,31.0
1.2403,31.0
1.24035,30.0
1.2404,37.0
1.24045,41.0
1.2405,35.0
1.24055,39.0
1.24525,38.0
1.2453,39.0
1.24535,44.0
1.2454,39.0
1.24545,40.0
1.2455,42.0
1.24555,39.0
1.25025,35.0
1.2503,45.0
1.25035,42.0
1.2504,36.0
1.25045,36.0
1.2505,37.0
1.25055,33.0
1.25525,25.0
1.2553,29.0
1.25535,42.0
1.2554,33.0
1.25545,32.0
1.2555,45.0
1.25555,30.0
1.26025,31.0
1.2603,50.0
1.26035,35.0
1.2604,36.0
1.26045,34.0
1.2605,32.0
1.26055,42.0
1.26525,34.0
1.2653,39.0
1.26535,35.0
1.2654,32.0
1.26545,42.0
1.2655,44.0
1.26555,35.0
1.27025,37.0
1.2703,42.0
1.27035,29.0
1.2704,35.0
1.27045,33.0
1.2705,37.0
1.27055,27.0
1.2752,21.0
1.27525,28.0
1.2753,37.0
1.27535,41.0
1.2754,43.0
1.27545,49.0
1.2755,24.0
1.27555,25.0
1.28025,30.0
1.2803,44.0
1.28035,31.0
1.2804,29.0
1.28045,42.0
1.2805,32.0
1.28055,29.0
1.28525,30.0
1.2853,39.0
1.28535,45.0
1.2854,51.0
1.28545,30.0
1.2855,43.0
1.28555,24.0
1.29025,33.0
1.2903,46.0
1.29035,30.0
1.2904,31.0
1.29045,36.0
1.2905,39.0
1.29525,34.0
1.2953,34.0
1.29535,46.0
1.2954,38.0
1.29545,35.0
1.2955,26.0
1.3002,22.0
1.30025,44.0
1.3003,42.0
1.30035,39.0
1.3004,32.0
1.30045,48.0
1.3005,31.0
1.3052,24.0
1.30525,38.0
1.3053,25.0
1.30535,45.0
1.3054,34.0
1.30545,38.0
1.3055,46.0
1.3102,21.0
1.31025,41.0
1.3103,37.0
1.31035,31.0
1.3104,33.0
1.31045,40.0
1.3105,41.0
1.3152,24.0
1.31525,47.0
1.3153,45.0
1.31535,36.0
1.3154,31.0
1.31545,33.0
1.3155,40.0
1.31555,22.0
1.3202,23.0
1.32025,42.0
1.3203,41.0
1.32035,37.0
1.3204,32.0
1.32045,34.0
1.3205,35.0
1.3252,35.0
1.32525,44.0
1.3253,33.0
1.32535,38.0
1.3254,41.0
1.32545,37.0
1.3255,32.0
1.3302,28.0
1.33025,44.0
1.3303,40.0
1.33035,41.0
1.3304,41.0
1.33045,35.0
1.3305,37.0
1.3352,38.0
1.33525,34.0
1.3353,37.0
1.33535,36.0
1.3354,49.0
1.33545,39.0
1.3355,51.0
1.3402,30.0
1.34025,35.0
1.3403,30.0
1.34035,44.0
1.3404,25.0
1.34045,51.0
1.3405,41.0
1.3452,38.0
1.34525,39.0
1.3453,39.0
1.34535,39.0
1.3454,34.0
1.34545,27.0
1.3455,50.0
1.3502,38.0
1.35025,34.0
1.3503,43.0
1.35035,28.0
1.3504,50.0
1.35045,30.0
1.3505,34.0
1.3552,41.0
1.35525,32.0
1.3553,28.0
1.35535,31.0
1.3554,42.0
1.35545,36.0
1.3555,36.0
1.3602,37.0
1.36025,38.0
1.3603,36.0
1.36035,44.0
1.3604,39.0
1.36045,30.0
1.3605,39.0
1.3652,45.0
1.36525,37.0
1.3653,36.0
1.36535,39.0
1.3654,43.0
1.36545,35.0
1.3655,26.0
1.3702,43.0
1.37025,36.0
1.3703,35.0
1.37035,45.0
1.3704,42.0
1.37045,38.0
1.3705,32.0
1.3752,43.0
1.37525,47.0
1.3753,39.0
1.37535,37.0
1.3754,41.0
1.37545,34.0
1.3755,24.0
1.38015,23.0
1.3802,37.0
1.38025,35.0
1.3803,49.0
1.38035,44.0
1.3804,37.0
1.38045,45.0
1.3805,30.0
1.3852,23.0
1.38525,42.0
1.3853,32.0
1.38535,31.0
1.3854,36.0
1.38545,41.0
1.3855,21.0
1.39015,31.0
1.3902,43.0
1.39025,41.0
1.3903,40.0
1.39035,45.0
1.3904,42.0
1.39045,40.0
1.3905,30.0
1.3952,33.0
1.39525,33.0
1.3953,36.0
1.39535,38.0
1.3954,35.0
1.39545,36.0
1.3955,26.0
1.40015,28.0
1.4002,33.0
1.40025,34.0
1.4003,49.0
1.40035,36.0
1.4004,29.0
1.40045,39.0
1.40515,24.0
1.4052,27.0
1.40525,48.0
1.4053,34.0
1.40535,33.0
1.4054,42.0
1.40545,28.0
1.4055,21.0
1.41015,33.0
1.4102,40.0
1.41025,31.0
1.4103,42.0
1.41035,38.0
1.4104,39.0
1.41045,32.0
1.4105,21.0
1.41515,35.0
1.4152,39.0
1.41525,34.0
1.4153,36.0
1.41535,39.0
1.4154,45.0
1.41545,28.0
1.42015,38.0
1.4202,34.0
1.42025,34.0
1.4203,33.0
1.42035,37.0
1.4204,34.0
1.42045,31.0
1.42515,35.0
1.4252,36.0
1.42525,30.0
1.4253,32.0
1.42535,41.0
1.4254,37.0
1.42545,41.0
1.43015,32.0
1.4302,39.0
1.43025,42.0
1.4303,30.0
1.43035,30.0
1.4304,35.0
1.43045,45.0
1.43515,52.0
1.4352,38.0
1.43525,37.0
1.4353,37.0
1.43535,33.0
1.4354,30.0
1.43545,36.0
1.44015,29.0
1.4402,37.0
1.44025,28.0
1.4403,29.0
1.44035,40.0
1.4404,44.0
1.44045,34.0
1.44515,38.0
1.4452,45.0
1.44525,21.0
1.4453,43.0
1.44535,34.0
1.4454,30.0
1.44545,23.0
1.45015,39.0
1.4502,32.0
1.45025,40.0
1.4503,38.0
1.45035,34.0
1.4504,42.0
1.45045,37.0
1.45515,45.0
1.4552,23.0
1.45525,44.0
1.4553,36.0
1.45535,43.0
1.4554,43.0
1.45545,33.0
1.46015,28.0
1.4602,40.0
1.46025,44.0
1.4603,28.0
1.46035,38.0
1.4604,37.0
1.46045,39.0
1.46515,35.0
1.4652,42.0
1.46525,33.0
1.4653,42.0
1.46535,35.0
1.4654,37.0
1.46545,21.0
1.47015,33.0
1.4702,33.0
1.47025,44.0
1.4703,33.0
1.47035,32.0
1.4704,33.0
1.47045,21.0
1.47515,28.0
1.4752,35.0
1.47525,32.0
1.4753,33.0
1.47535,41.0
1.4754,38.0
1.48015,40.0
1.4802,27.0
1.48025,44.0
1.4803,37.0
1.48035,34.0
1.4804,45.0
1.48515,27.0
1.4852,33.0
1.48525,30.0
1.4853,41.0
1.48535,35.0
1.4854,42.0
1.48545,28.0
1.4901,26.0
1.49015,34.0
1.4902,41.0
1.49025,37.0
1.4903,31.0
1.49035,36.0
1.4904,34.0
1.4951,26.0
1.49515,44.0
1.4952,39.0
1.49525,39.0
1.4953,49.0
1.49535,32.0
1.4954,44.0
1.5001,28.0
1.50015,45.0
1.5002,38.0
1.50025,37.0
1.5003,33.0
1.50035,42.0
1.5004,34.0
1.5051,23.0
1.50515,27.0
1.5052,30.0
1.50525,53.0
1.5053,38.0
1.50535,33.0
1.5054,36.0
1.5101,28.0
1.51015,31.0
1.5102,37.0
1.51025,36.0
1.5103,28.0
1.51035,35.0
1.5104,37.0
1.5151,35.0
1.51515,24.0
1.5152,33.0
1.51525,35.0
1.5153,33.0
1.51535,32.0
1.5154,44.0
1.5201,38.0
1.52015,39.0
1.5202,40.0
1.52025,32.0
1.5203,32.0
1.52035,42.0
1.5204,44.0
1.5251,38.0
1.52515,30.0
1.5252,27.0
1.52525,35.0
1.5253,23.0
1.52535,55.0
1.5254,45.0
1.5301,42.0
1.53015,35.0
1.5302,45.0
1.53025,38.0
1.5303,39.0
1.53035,44.0
1.5304,36.0
1.5351,51.0
1.53515,39.0
1.5352,42.0
1.53525,44.0
1.5353,38.0
1.53535,33.0
1.5354,31.0
1.5401,37.0
1.54015,35.0
1.5402,32.0
1.54025,38.0
1.5403,33.0
1.54035,32.0
1.5404,42.0
1.5451,32.0
1.54515,36.0
1.5452,31.0
1.54525,37.0
1.5453,42.0
1.54535,34.0
1.5454,32.0
1.5501,41.0
1.55015,38.0
1.5502,38.0
1.55025,41.0
1.5503,36.0
1.55035,37.0
1.5504,37.0
1.5551,33.0
1.55515,41.0
1.5552,56.0
1.55525,33.0
1.5553,31.0
1.55535,44.0
1.5601,24.0
1.56015,40.0
1.5602,40.0
1.56025,29.0
1.5603,44.0
1.56035,37.0
1.5604,24.0
1.5651,32.0
1.56515,32.0
1.5652,38.0
1.56525,41.0
1.5653,40.0
1.56535,36.0
1.5654,32.0
1.5701,24.0
1.57015,44.0
1.5702,33.0
1.57025,38.0
1.5703,36.0
1.57035,45.0
1.5704,27.0
1.5751,51.0
1.57515,51.0
1.5752,36.0
1.57525,43.0
1.5753,32.0
1.57535,31.0
1.5754,25.0
1.58005,24.0
1.5801,37.0
1.58015,42.0
1.5802,33.0
1.58025,32.0
1.5803,27.0
1.58035,36.0
1.58505,22.0
1.5851,45.0
1.58515,30.0
1.5852,27.0
1.58525,38.0
1.5853,35.0
1.58535,42.0
1.5854,25.0
1.59005,33.0
1.5901,41.0
1.59015,34.0
1.5902,42.0
1.59025,43.0
1.5903,33.0
1.59035,36.0
1.59505,21.0
1.5951,35.0
1.59515,39.0
1.5952,31.0
1.59525,40.0
1.5953,35.0
1.59535,45.0
1.60005,26.0
1.6001,35.0
1.60015,37.0
1.6002,33.0
1.60025,38.0
1.6003,38.0
1.60035,38.0
1.60505,32.0
1.6051,42.0
1.60515,49.0
1.6052,51.0
1.60525,49.0
1.6053,41.0
1.60535,37.0
1.61005,33.0
1.6101,42.0
1.61015,41.0
1.6102,35.0
1.61025,29.0
1.6103,34.0
1.61035,39.0
1.61505,50.0
1.6151,39.0
1.61515,38.0
1.6152,35.0
1.61525,47.0
1.6153,42.0
1.61535,34.0
1.62005,39.0
1.6201,27.0
1.62015,37.0
1.6202,36.0
1.62025,38.0
1.6203,43.0
1.62035,42.0
1.62505,34.0
1.6251,42.0
1.62515,42.0
1.6252,47.0
1.62525,42.0
1.6253,51.0
1.62535,39.0
1.63005,39.0
1.6301,42.0
1.63015,28.0
1.6302,38.0
1.63025,35.0
1.6303,29.0
1.63035,47.0
1.63505,33.0
1.6351,39.0
1.63515,38.0
1.6352,37.0
1.63525,43.0
1.6353,38.0
1.63535,27.0
1.64005,38.0
1.6401,34.0
1.64015,32.0
1.6402,38.0
1.64025,51.0
1.6403,43.0
1.64035,25.0
1.64505,31.0
1.6451,36.0
1.64515,38.0
1.6452,43.0
1.64525,24.0
1.6453,36.0
1.64535,29.0
1.65005,37.0
1.6501,42.0
1.65015,30.0
1.6502,40.0
1.65025,33.0
1.6503,36.0
1.65035,36.0
1.65505,40.0
1.6551,37.0
1.65515,33.0
1.6552,32.0
1.65525,23.0
1.6553,46.0
1.65535,25.0
1.66005,39.0
1.6601,43.0
1.66015,33.0
1.6602,44.0
1.66025,40.0
1.6603,33.0
1.66035,25.0
1.66505,42.0
1.6651,31.0
1.66515,43.0
1.6652,31.0
1.66525,37.0
1.6653,36.0
1.66535,34.0
1.67005,48.0
1.6701,45.0
1.67015,38.0
1.6702,38.0
1.67025,34.0
1.6703,37.0
1.67505,42.0
1.6751,28.0
1.67515,46.0
1.6752,43.0
1.67525,40.0
1.6753,44.0
1.68,31.0
1.68005,35.0
1.6801,26.0
1.68015,34.0
1.6802,40.0
1.68025,35.0
1.6803,37.0
1.68505,39.0
1.6851,31.0
1.68515,33.0
1.6852,42.0
1.68525,39.0
1.6853,34.0
1.69,29.0
1.69005,40.0
1.6901,33.0
1.69015,40.0
1.6902,32.0
1.69025,33.0
1.6903,41.0
1.695,29.0
1.69505,41.0
1.6951,36.0
1.69515,38.0
1.6952,35.0
1.69525,31.0
1.6953,39.0
1.7,21.0
1.70005,42.0
1.7001,26.0
1.70015,32.0
1.7002,37.0
1.70025,40.0
1.7003,39.0
1.705,25.0
1.70505,36.0
1.7051,35.0
1.70515,34.0
1.7052,26.0
1.70525,40.0
1.7053,37.0
1.71,37.0
1.71005,38.0
1.7101,36.0
1.71015,31.0
1.7102,31.0
1.71025,30.0
1.7103,39.0
1.715,33.0
1.71505,40.0
1.7151,36.0
1.71515,37.0
1.7152,44.0
1.71525,38.0
1.7153,35.0
1.72,39.0
1.72005,35.0
1.7201,34.0
1.72015,59.0
1.7202,36.0
1.72025,40.0
1.7203,28.0
1.725,42.0
1.72505,40.0
1.7251,31.0
1.72515,35.0
1.7252,30.0
1.72525,35.0
1.7253,40.0
1.73,32.0
1.73005,28.0
1.7301,31.0
1.73015,38.0
1.7302,34.0
1.73025,46.0
1.7303,43.0
1.735,42.0
1.73505,40.0
1.7351,33.0
1.73515,30.0
1.7352,40.0
1.73525,39.0
1.7353,30.0
1.74,42.0
1.74005,43.0
1.7401,48.0
1.74015,34.0
1.7402,39.0
1.74025,47.0
1.7403,31.0
1.745,48.0
1.74505,36.0
1.7451,44.0
1.74515,34.0
1.7452,30.0
1.74525,30.0
1.7453,36.0
1.75,40.0
1.75005,43.0
1.7501,30.0
1.75015,30.0
1.7502,39.0
1.75025,40.0
1.7503,24.0
1.75495,21.0
1.755,36.0
1.75505,49.0
1.7551,40.0
1.75515,36.0
1.7552,26.0
1.75525,33.0
1.7553,26.0
1.76,44.0
1.76005,43.0
1.7601,36.0
1.76015,41.0
1.7602,34.0
1.76025,44.0
1.7603,28.0
1.76495,22.0
1.765,38.0
1.76505,35.0
1.7651,30.0
1.76515,26.0
1.7652,41.0
1.76525,41.0
1.7653,24.0
1.76995,22.0
1.77,33.0
1.77005,33.0
1.7701,49.0
1.77015,40.0
1.7702,39.0
1.77025,35.0
1.7703,25.0
1.77495,21.0
1.775,33.0
1.77505,30.0
1.7751,34.0
1.77515,32.0
1.7752,47.0
1.77525,30.0
1.77995,27.0
1.78,35.0
1.78005,42.0
1.7801,46.0
1.78015,37.0
1.7802,38.0
1.78025,33.0
1.78495,30.0
1.785,45.0
1.78505,37.0
1.7851,41.0
1.78515,35.0
1.7852,30.0
1.78525,41.0
1.78995,29.0
1.79,32.0
1.79005,38.0
1.7901,39.0
1.79015,42.0
1.7902,56.0
1.79025,39.0
1.79495,35.0
1.795,30.0
1.79505,45.0
1.7951,40.0
1.79515,43.0
1.7952,40.0
1.79525,53.0
1.79995,29.0
1.8,43.0
1.80005,27.0
1.8001,34.0
1.80015,38.0
1.8002,35.0
1.80025,39.0
1.80495,40.0
1.805,43.0
1.80505,43.0
1.8051,33.0
1.80515,38.0
1.8052,43.0
1.80525,33.0
1.80995,49.0
1.81,33.0
1.81005,41.0
1.8101,40.0
1.81015,47.0
1.8102,40.0
1.81025,36.0
1.81495,32.0
1.815,38.0
1.81505,33.0
1.8151,40.0
1.81515,42.0
1.8152,36.0
1.81525,28.0
1.81995,37.0
1.82,37.0
1.82005,38.0
1.8201,38.0
1.82015,40.0
1.8202,27.0
1.82025,31.0
1.82495,46.0
1.825,31.0
1.82505,49.0
1.8251,42.0
1.82515,40.0
1.8252,33.0
1.82525,40.0
1.82995,22.0
1.83,35.0
1.83005,33.0
1.8301,40.0
1.83015,28.0
1.8302,38.0
1.83025,28.0
1.83495,39.0
1.835,40.0
1.83505,35.0
1.8351,31.0
1.83515,50.0
1.8352,32.0
1.83525,25.0
1.83995,41.0
1.84,45.0
1.84005,46.0
1.8401,36.0
1.84015,30.0
1.8402,45.0
1.84025,27.0
1.8449,23.0
1.84495,31.0
1.845,36.0
1.84505,28.0
1.8451,41.0
1.84515,31.0
1.8452,34.0
1.84995,36.0
1.85,31.0
1.85005,35.0
1.8501,35.0
1.85015,37.0
1.8502,46.0
1.85025,26.0
1.8549,25.0
1.85495,37.0
1.855,45.0
1.85505,35.0
1.8551,27.0
1.85515,40.0
1.8552,33.0
1.85525,24.0
1.85995,31.0
1.86,37.0
1.86005,40.0
1.8601,30.0
1.86015,29.0
1.8602,34.0
1.86025,20.0
1.8649,22.0
1.86495,44.0
1.865,33.0
1.86505,31.0
1.8651,59.0
1.86515,28.0
1.8652,33.0
1.86525,25.0
1.8699,25.0
1.86995,38.0
1.87,31.0
1.87005,23.0
1.8701,43.0
1.87015,32.0
1.8702,50.0
1.87025,27.0
1.8749,26.0
1.87495,45.0
1.875,39.0
1.87505,42.0
1.8751,32.0
1.87515,34.0
1.8752,30.0
1.8799,23.0
1.87995,32.0
1.88,39.0
1.88005,41.0
1.8801,30.0
1.88015,40.0
1.8802,41.0
1.8849,27.0
1.88495,39.0
1.885,37.0
1.88505,30.0
1.8851,29.0
1.88515,37.0
1.8852,41.0
1.8899,32.0
1.88995,31.0
1.89,41.0
1.89005,40.0
1.8901,34.0
1.89015,29.0
1.8902,27.0
1.8949,37.0
1.89495,38.0
1.895,33.0
1.89505,42.0
1.8951,34.0
1.89515,44.0
1.8952,39.0
1.8999,37.0
1.89995,37.0
1.9,42.0
1.90005,31.0
1.9001,43.0
1.90015,33.0
1.9002,46.0
1.9049,36.0
1.90495,29.0
1.905,40.0
1.90505,37.0
1.9051,35.0
1.90515,41.0
1.9052,40.0
1.9099,40.0
1.90995,35.0
1.91,37.0
1.91005,38.0
1.9101,31.0
1.91015,35.0
1.9102,31.0
1.9149,31.0
1.91495,30.0
1.915,45.0
1.91505,35.0
1.9151,36.0
1.91515,36.0
1.9152,34.0
1.9199,33.0
1.91995,40.0
1.92,39.0
1.92005,35.0
1.9201,36.0
1.92015,35.0
1.9202,44.0
1.9249,32.0
1.92495,25.0
1.925,43.0
1.92505,32.0
1.9251,46.0
1.92515,27.0
1.9252,27.0
1.9299,40.0
1.92995,42.0
1.93,48.0
1.93005,35.0
1.9301,42.0
1.93015,37.0
1.9302,32.0
1.9349,33.0
1.93495,36.0
1.935,49.0
1.93505,43.0
1.9351,35.0
1.93515,41.0
1.9352,26.0
1.93985,22.0
1.9399,27.0
1.93995,37.0
1.94,41.0
1.94005,31.0
1.9401,49.0
1.94015,35.0
1.9402,26.0
1.9449,33.0
1.94495,39.0
1.945,43.0
1.94505,26.0
1.9451,37.0
1.94515,34.0
1.9452,27.0
1.94985,22.0
1.9499,32.0
1.94995,35.0
1.95,34.0
1.95005,36.0
1.9501,33.0
1.95015,32.0
1.95485,23.0
1.9549,34.0
1.95495,30.0
1.955,40.0
1.95505,29.0
1.9551,35.0
1.95515,42.0
1.9552,22.0
1.9599,36.0
1.95995,26.0
1.96,36.0
1.96005,38.0
1.9601,28.0
1.96015,38.0
1.96485,24.0
1.9649,34.0
1.96495,35.0
1.965,34.0
1.96505,39.0
1.9651,40.0
1.96515,36.0
1.96985,29.0
1.9699,36.0
1.96995,30.0
1.97,37.0
1.97005,30.0
1.9701,35.0
1.97015,42.0
1.97485,25.0
1.9749,49.0
1.97495,48.0
1.975,25.0
1.97505,36.0
1.9751,38.0
1.97515,40.0
1.97985,29.0
1.9799,37.0
1.97995,34.0
1.98,25.0
1.98005,46.0
1.9801,30.0
1.98015,30.0
1.98485,41.0
1.9849,62.0
1.98495,57.0
1.985,40.0
1.98505,40.0
1.9851,37.0
1.98515,31.0
1.98985,28.0
1.9899,33.0
1.98995,42.0
1.99,35.0
1.99005,41.0
1.9901,43.0
1.99015,32.0
1.99485,34.0
1.9949,32.0
1.99495,38.0
1.995,40.0
1.99505,33.0
1.9951,43.0
1.99515,30.0
1.99985,33.0
1.9999,39.0
1.99995,26.0
2.0,37.0
2.00005,33.0
2.0001,37.0
2.00015,35.0
2.00485,30.0
2.0049,37.0
2.00495,43.0
2.005,44.0
2.00505,41.0
2.0051,41.0
2.00515,35.0
2.00985,37.0
2.0099,38.0
2.00995,35.0
2.01,36.0
2.01005,41.0
2.0101,52.0
2.01015,32.0
2.01485,37.0
2.0149,37.0
2.01495,44.0
2.015,34.0
2.01505,38.0
2.0151,41.0
2.01515,36.0
2.01985,33.0
2.0199,29.0
2.01995,35.0
2.02,32.0
2.02005,37.0
2.0201,45.0
2.02015,36.0
2.02485,33.0
2.0249,43.0
2.02495,48.0
2.025,40.0
2.02505,34.0
2.0251,40.0
2.02515,33.0
2.02985,36.0
2.0299,30.0
2.02995,39.0
2.03,37.0
2.03005,36.0
2.0301,39.0
2.03015,22.0
2.03485,48.0
2.0349,43.0
2.03495,37.0
2.035,43.0
2.03505,29.0
2.0351,25.0
2.03515,31.0
2.03985,39.0
2.0399,44.0
2.03995,41.0
2.04,40.0
2.04005,29.0
2.0401,41.0
2.04015,33.0
2.0448,23.0
2.04485,41.0
2.0449,31.0
2.04495,40.0
2.045,40.0
2.04505,33.0
2.0451,43.0
2.04515,22.0
2.0498,23.0
2.04985,40.0
2.0499,38.0
2.04995,35.0
2.05,38.0
2.05005,49.0
2.0501,36.0
2.05485,40.0
2.0549,43.0
2.05495,38.0
2.055,40.0
2.05505,40.0
2.0551,35.0
2.0598,21.0
2.05985,38.0
2.0599,37.0
2.05995,34.0
2.06,33.0
2.06005,37.0
2.0601,41.0
2.06015,27.0
2.0648,24.0
2.06485,39.0
2.0649,33.0
2.06495,34.0
2.065,43.0
2.06505,36.0
2.0651,46.0
2.06515,28.0
2.0698,31.0
2.06985,36.0
2.0699,31.0
2.06995,39.0
2.07,35.0
2.07005,43.0
2.0701,35.0
2.0748,33.0
2.07485,32.0
2.0749,36.0
2.07495,31.0
2.075,49.0
2.07505,36.0
2.0751,43.0
2.0798,24.0
2.07985,41.0
2.0799,30.0
2.07995,35.0
2.08,24.0
2.08005,37.0
2.0801,31.0
2.0848,37.0
2.08485,25.0
2.0849,31.0
2.08495,27.0
2.085,38.0
2.08505,33.0
2.0851,27.0
2.0898,36.0
2.08985,34.0
2.0899,37.0
2.08995,35.0
2.09,37.0
2.09005,41.0
2.0901,38.0
2.0948,29.0
2.09485,42.0
2.0949,38.0
2.09495,30.0
2.095,38.0
2.09505,31.0
2.0951,48.0
2.0998,37.0
2.09985,25.0
2.0999,42.0
2.09995,38.0
2.1,40.0
2.10005,52.0
2.1001,52.0
2.1048,40.0
2.10485,44.0
2.1049,46.0
2.10495,43.0
2.105,38.0
2.10505,32.0
2.1051,27.0
2.1098,29.0
2.10985,32.0
2.1099,41.0
2.10995,31.0
2.11,31.0
2.11005,37.0
2.1101,44.0
2.1148,38.0
2.11485,31.0
2.1149,29.0
2.11495,38.0
2.115,27.0
2.11505,36.0
2.1151,38.0
2.1198,44.0
2.11985,31.0
2.1199,33.0
2.11995,34.0
2.12,37.0
2.12005,35.0
2.1201,38.0
2.1248,30.0
2.12485,45.0
2.1249,31.0
2.12495,33.0
2.125,34.0
2.12505,42.0
2.1251,23.0
2.1298,38.0
2.12985,42.0
2.1299,28.0
2.12995,33.0
2.13,36.0
2.13005,47.0
2.1301,25.0
2.1348,32.0
2.13485,38.0
2.1349,44.0
2.13495,34.0
2.135,43.0
2.13505,23.0
2.1351,29.0
2.1398,43.0
2.13985,28.0
2.1399,35.0
2.13995,31.0
2.14,38.0
2.14005,34.0
2.1401,20.0
2.14475,22.0
2.1448,46.0
2.14485,36.0
2.1449,41.0
2.14495,40.0
2.145,38.0
2.14505,32.0
2.14975,27.0
2.1498,34.0
2.14985,42.0
2.1499,39.0
2.14995,33.0
2.15,37.0
2.15005,44.0
2.1548,34.0
2.15485,40.0
2.1549,42.0
2.15495,39.0
2.155,43.0
2.15505,35.0
2.15975,28.0
2.1598,39.0
2.15985,41.0
2.1599,35.0
2.15995,43.0
2.16,37.0
2.16005,32.0
2.16475,21.0
2.1648,26.0
2.16485,32.0
2.1649,37.0
2.16495,39.0
2.165,50.0
2.16505,44.0
2.16975,27.0
2.1698,33.0
2.16985,38.0
2.1699,30.0
2.16995,29.0
2.17,37.0
2.17005,25.0
2.17475,31.0
2.1748,40.0
2.17485,29.0
2.1749,44.0
2.17495,44.0
2.175,37.0
2.17505,44.0
2.17975,28.0
2.1798,32.0
2.17985,36.0
2.1799,32.0
2.17995,32.0
2.18,36.0
2.18005,46.0
2.18475,30.0
2.1848,32.0
2.18485,48.0
2.1849,36.0
2.18495,43.0
2.185,37.0
2.18505,45.0
2.18975,49.0
2.1898,38.0
2.18985,41.0
2.1899,35.0
2.18995,43.0
2.19,27.0
2.19005,32.0
2.19475,30.0
2.1948,44.0
2.19485,38.0
2.1949,45.0
2.19495,30.0
2.195,33.0
2.19505,42.0
2.19975,38.0
2.1998,35.0
2.19985,33.0
2.1999,30.0
2.19995,30.0
2.2,33.0
2.20005,39.0
2.20475,51.0
2.2048,47.0
2.20485,30.0
2.2049,35.0
2.20495,38.0
2.205,40.0
2.20505,33.0
2.20975,49.0
2.2098,42.0
2.20985,43.0
2.2099,31.0
2.20995,39.0
2.21,33.0
2.21005,26.0
2.21475,35.0
2.2148,35.0
2.21485,24.0
2.2149,34.0
2.21495,31.0
2.215,43.0
2.21505,28.0
2.21975,42.0
2.2198,42.0
2.21985,34.0
2.2199,37.0
2.21995,47.0
2.22,41.0
2.22005,29.0
2.22475,40.0
2.2248,37.0
2.22485,41.0
2.2249,43.0
2.22495,44.0
2.225,25.0
2.2297,21.0
2.22975,31.0
2.2298,35.0
2.22985,30.0
2.2299,45.0
2.22995,38.0
2.23,35.0
2.23005,23.0
2.23475,33.0
2.2348,41.0
2.23485,45.0
2.2349,39.0
2.23495,29.0
2.235,38.0
2.23505,26.0
2.23975,42.0
2.2398,33.0
2.23985,31.0
2.2399,44.0
2.23995,39.0
2.24,54.0
2.24005,22.0
2.2447,22.0
2.24475,35.0
2.2448,41.0
2.24485,35.0
2.2449,36.0
2.24495,36.0
2.245,34.0
2.24505,21.0
2.2497,26.0
2.24975,42.0
2.2498,44.0
2.24985,45.0
2.2499,40.0
2.24995,39.0
2.25,32.0
2.2547,22.0
2.25475,33.0
2.2548,39.0
2.25485,42.0
2.2549,37.0
2.25495,34.0
2.255,32.0
2.2597,29.0
2.25975,36.0
2.2598,39.0
2.25985,43.0
2.2599,43.0
2.25995,48.0
2.26,45.0
2.2647,26.0
2.26475,40.0
2.2648,38.0
2.26485,44.0
2.2649,33.0
2.26495,31.0
2.265,41.0
2.2697,36.0
2.26975,30.0
2.2698,24.0
2.26985,39.0
2.2699,41.0
2.26995,36.0
2.27,33.0
2.2747,37.0
2.27475,32.0
2.2748,31.0
2.27485,31.0
2.2749,40.0
2.27495,34.0
2.275,41.0
2.2797,38.0
2.27975,47.0
2.2798,41.0
2.27985,34.0
2.2799,33.0
2.27995,36.0
2.28,34.0
2.2847,31.0
2.28475,30.0
2.2848,39.0
2.28485,37.0
2.2849,37.0
2.28495,34.0
2.285,37.0
2.2897,35.0
2.28975,26.0
2.2898,56.0
2.28985,41.0
2.2899,37.0
2.28995,35.0
2.29,39.0
2.2947,41.0
2.29475,37.0
2.2948,41.0
2.29485,38.0
2.2949,30.0
2.29495,29.0
2.295,31.0
2.2997,41.0
2.29975,31.0
2.2998,36.0
2.29985,43.0
2.2999,29.0
2.29995,35.0
2.3,32.0
2.3047,34.0
2.30475,44.0
2.3048,34.0
2.30485,42.0
2.3049,43.0
2.30495,45.0
2.305,32.0
2.3097,30.0
2.30975,36.0
2.3098,39.0
2.30985,50.0
2.3099,38.0
2.30995,39.0
2.31,31.0
2.3147,32.0
2.31475,38.0
2.3148,36.0
2.31485,32.0
2.3149,27.0
2.31495,26.0
2.315,28.0
2.3197,47.0
2.31975,43.0
2.3198,35.0
2.31985,41.0
2.3199,22.0
2.31995,37.0
2.32465,23.0
2.3247,33.0
2.32475,48.0
2.3248,43.0
2.32485,40.0
2.3249,37.0
2.32495,46.0
2.325,26.0
2.3297,33.0
2.32975,37.0
2.3298,39.0
2.32985,42.0
2.3299,38.0
2.32995,38.0
2.33,29.0
2.33465,23.0
2.3347,41.0
2.33475,33.0
2.3348,29.0
2.33485,33.0
2.3349,45.0
2.33495,38.0
2.335,27.0
2.3397,34.0
2.33975,36.0
2.3398,32.0
2.33985,37.0
2.3399,38.0
2.33995,33.0
2.34465,22.0
2.3447,33.0
2.34475,45.0
2.3448,43.0
2.34485,42.0
2.3449,29.0
2.34495,44.0
2.34965,26.0
2.3497,38.0
2.34975,28.0
2.3498,47.0
2.34985,32.0
2.3499,56.0
2.34995,30.0
2.35465,30.0
2.3547,35.0
2.35475,35.0
2.3548,35.0
2.35485,47.0
2.3549,24.0
2.35495,34.0
2.355,24.0
2.35965,46.0
2.3597,35.0
2.35975,35.0
2.3598,39.0
2.35985,35.0
2.3599,36.0
2.35995,33.0
2.36465,30.0
2.3647,39.0
2.36475,43.0
2.3648,35.0
2.36485,48.0
2.3649,44.0
2.36495,41.0
2.36965,36.0
2.3697,35.0
2.36975,33.0
2.3698,40.0
2.36985,37.0
2.3699,34.0
2.36995,40.0
2.37465,39.0
2.3747,22.0
2.37475,43.0
2.3748,43.0
2.37485,32.0
2.3749,34.0
2.37495,44.0
2.37965,34.0
2.3797,31.0
2.37975,39.0
2.3798,39.0
2.37985,37.0
2.3799,39.0
2.37995,39.0
2.38465,36.0
2.3847,30.0
2.38475,25.0
2.3848,38.0
2.38485,38.0
2.3849,31.0
2.38495,40.0
2.38965,42.0
2.3897,45.0
2.38975,31.0
2.3898,31.0
2.38985,43.0
2.3899,41.0
2.38995,29.0
2.39465,36.0
2.3947,42.0
2.39475,30.0
2.3948,36.0
2.39485,41.0
2.3949,47.0
2.39495,39.0
2.39965,48.0
2.3997,28.0
2.39975,41.0
2.3998,41.0
2.39985,51.0
2.3999,37.0
2.39995,29.0
2.40465,42.0
2.4047,49.0
2.40475,25.0
2.4048,39.0
2.40485,33.0
2.4049,46.0
2.40495,26.0
2.40965,35.0
2.4097,33.0
2.40975,35.0
2.4098,38.0
2.40985,45.0
2.4099,38.0
2.40995,28.0
2.41465,42.0
2.4147,42.0
2.41475,36.0
2.4148,34.0
2.41485,39.0
2.4149,37.0
2.41965,29.0
2.4197,36.0
2.41975,29.0
2.4198,33.0
2.41985,44.0
2.4199,30.0
2.42465,34.0
2.4247,30.0
2.42475,42.0
2.4248,45.0
2.42485,38.0
2.4249,37.0
2.42495,22.0
2.4296,26.0
2.42965,35.0
2.4297,41.0
2.42975,35.0
2.4298,37.0
2.42985,34.0
2.4299,37.0
2.42995,27.0
2.4346,25.0
2.43465,42.0
2.4347,43.0
2.43475,40.0
2.4348,44.0
2.43485,33.0
2.4349,38.0
2.43965,40.0
2.4397,38.0
2.43975,41.0
2.4398,32.0
2.43985,45.0
2.4399,45.0
2.4446,38.0
2.44465,33.0
2.4447,36.0
2.44475,44.0
2.4448,27.0
2.44485,25.0
2.4449,38.0
2.4496,32.0
2.44965,41.0
2.4497,36.0
2.44975,34.0
2.4498,35.0
2.44985,42.0
2.4499,47.0
2.4546,33.0
2.45465,33.0
2.4547,36.0
2.45475,52.0
2.4548,37.0
2.45485,36.0
2.4549,36.0
2.4596,32.0
2.45965,36.0
2.4597,31.0
2.45975,35.0
2.4598,43.0
2.45985,39.0
2.4599,29.0
2.4646,35.0
2.46465,49.0
2.4647,38.0
2.46475,37.0
2.4648,39.0
2.46485,33.0
2.4649,38.0
2.4696,35.0
2.46965,31.0
2.4697,44.0
2.46975,31.0
2.4698,34.0
2.46985,39.0
2.4699,41.0
2.4746,38.0
2.47465,35.0
2.4747,46.0
2.47475,43.0
2.4748,31.0
2.47485,29.0
2.4749,35.0
2.4796,32.0
2.47965,36.0
2.4797,22.0
2.47975,31.0
2.4798,33.0
2.47985,21.0
2.4799,47.0
2.4846,33.0
2.48465,23.0
2.4847,38.0
2.48475,31.0
2.4848,38.0
2.48485,36.0
2.4849,40.0
2.4896,44.0
2.48965,40.0
2.4897,42.0
2.48975,43.0
2.4898,38.0
2.4946,43.0
2.49465,37.0
2.4947,38.0
2.49475,47.0
2.4948,39.0
2.49485,40.0
2.4949,26.0
2.4996,47.0
2.49965,51.0
2.4997,29.0
2.49975,34.0
2.4998,36.0
2.49985,31.0
2.4999,30.0
2.5046,46.0
2.50465,34.0
2.5047,25.0
2.50475,34.0
2.5048,37.0
2.50485,33.0
2.5049,33.0
2.5096,40.0
2.50965,32.0
2.5097,36.0
2.50975,35.0
2.5098,35.0
2.50985,37.0
2.5099,23.0
2.5146,37.0
2.51465,41.0
2.5147,39.0
2.51475,38.0
2.5148,34.0
2.51485,29.0
2.5149,21.0
2.51955,27.0
2.5196,38.0
2.51965,48.0
2.5197,39.0
2.51975,39.0
2.5198,43.0
2.51985,32.0
2.5199,27.0
2.5246,44.0
2.52465,29.0
2.5247,44.0
2.52475,43.0
2.5248,31.0
2.52485,46.0
2.52955,21.0
2.5296,45.0
2.52965,38.0
2.5297,42.0
2.52975,35.0
2.5298,40.0
2.52985,32.0
2.53455,27.0
2.5346,27.0
2.53465,40.0
2.5347,33.0
2.53475,34.0
2.5348,30.0
2.53485,41.0
2.53955,33.0
2.5396,35.0
2.53965,39.0
2.5397,36.0
2.53975,40.0
2.5398,32.0
2.53985,28.0
2.5399,21.0
2.54455,26.0
2.5446,41.0
2.54465,35.0
2.5447,38.0
2.54475,31.0
2.5448,34.0
2.54485,42.0
2.54955,30.0
2.5496,47.0
2.54965,28.0
2.5497,38.0
2.54975,40.0
2.5498,27.0
2.54985,29.0
2.55455,33.0
2.5546,29.0
2.55465,43.0
2.5547,39.0
2.55475,38.0
2.5548,38.0
2.55485,49.0
2.55955,30.0
2.5596,28.0
2.55965,35.0
2.5597,35.0
2.55975,42.0
2.5598,34.0
2.55985,41.0
2.56455,44.0
2.5646,39.0
2.56465,42.0
2.5647,39.0
2.56475,36.0
2.5648,43.0
2.56485,42.0
2.56955,43.0
2.5696,41.0
2.56965,47.0
2.5697,42.0
2.56975,40.0
2.5698,29.0
2.56985,39.0
2.57455,35.0
2.5746,38.0
2.57465,35.0
2.5747,26.0
2.57475,31.0
2.5748,43.0
2.57485,44.0
2.57955,31.0
2.5796,33.0
2.57965,33.0
2.5797,45.0
2.57975,37.0
2.5798,33.0
2.57985,33.0
2.58455,21.0
2.5846,41.0
2.58465,45.0
2.5847,28.0
2.58475,42.0
2.5848,40.0
2.58485,27.0
2.5895,24.0
2.58955,33.0
2.5896,42.0
2.58965,44.0
2.5897,43.0
2.58975,41.0
2.5898,33.0
2.58985,27.0
2.59455,35.0
2.5946,48.0
2.59465,44.0
2.5947,35.0
2.59475,38.0
2.5948,41.0
2.59485,38.0
2.59955,38.0
2.5996,30.0
2.59965,39.0
2.5997,39.0
2.59975,35.0
2.5998,42.0
2.59985,24.0
2.60455,40.0
2.6046,33.0
2.60465,44.0
2.6047,27.0
2.60475,36.0
2.6048,41.0
2.60955,48.0
2.6096,30.0
2.60965,46.0
2.6097,47.0
2.60975,36.0
2.6098,38.0
2.6145,21.0
2.61455,37.0
2.6146,46.0
2.61465,41.0
2.6147,37.0
2.61475,27.0
2.6148,33.0
2.6195,23.0
2.61955,25.0
2.6196,44.0
2.61965,40.0
2.6197,39.0
2.61975,36.0
2.6198,53.0
2.61985,23.0
2.62455,30.0
2.6246,40.0
2.62465,28.0
2.6247,41.0
2.62475,39.0
2.6248,36.0
2.62485,26.0
2.6295,21.0
2.62955,37.0
2.6296,30.0
2.62965,47.0
2.6297,35.0
2.62975,27.0
2.6298,29.0
2.62985,22.0
2.6345,25.0
2.63455,35.0
2.6346,31.0
2.63465,45.0
2.6347,39.0
2.63475,45.0
2.6348,42.0
2.6395,35.0
2.63955,34.0
2.6396,35.0
2.63965,43.0
2.6397,38.0
2.63975,32.0
2.6398,42.0
2.6445,37.0
2.64455,36.0
2.6446,42.0
2.64465,44.0
2.6447,34.0
2.64475,33.0
2.6448,44.0
2.6495,35.0
2.64955,35.0
2.6496,38.0
2.64965,35.0
2.6497,41.0
2.64975,39.0
2.6498,42.0
2.6545,27.0
2.65455,31.0
2.6546,48.0
2.65465,41.0
2.6547,34.0
2.65475,48.0
2.6548,42.0
2.6595,46.0
2.65955,37.0
2.6596,36.0
2.65965,29.0
2.6597,38.0
2.65975,27.0
2.6598,44.0
2.6645,34.0
2.66455,34.0
2.6646,40.0
2.66465,38.0
2.6647,34.0
2.66475,31.0
2.6648,38.0
2.6695,45.0
2.66955,37.0
2.6696,30.0
2.66965,34.0
2.6697,30.0
2.66975,35.0
2.6698,33.0
2.6745,38.0
2.67455,42.0
2.6746,41.0
2.67465,38.0
2.6747,32.0
2.67475,33.0
2.6748,32.0
2.6795,44.0
2.67955,37.0
2.6796,38.0
2.67965,32.0
2.6797,39.0
2.67975,38.0
2.6798,32.0
2.6845,34.0
2.68455,39.0
2.6846,44.0
2.68465,41.0
2.6847,33.0
2.68475,33.0
2.6848,32.0
2.6895,34.0
2.68955,31.0
2.6896,38.0
2.68965,39.0
2.6897,35.0
2.68975,41.0
2.6898,31.0
2.6945,39.0
2.69455,33.0
2.6946,42.0
2.69465,40.0
2.6947,37.0
2.69475,35.0
2.6948,25.0
2.6995,37.0
2.69955,43.0
2.6996,41.0
2.69965,37.0
2.6997,33.0
2.69975,48.0
2.6998,23.0
2.70445,22.0
2.7045,31.0
2.70455,40.0
2.7046,43.0
2.70465,46.0
2.7047,39.0
2.70475,41.0
2.7048,22.0
2.70945,33.0
2.7095,35.0
2.70955,38.0
2.7096,32.0
2.70965,36.0
2.7097,43.0
2.70975,42.0
2.71445,29.0
2.7145,33.0
2.71455,41.0
2.7146,36.0
2.71465,37.0
2.7147,42.0
2.71475,39.0
2.7195,33.0
2.71955,42.0
2.7196,42.0
2.71965,34.0
2.7197,34.0
2.71975,31.0
2.7198,27.0
2.72445,26.0
2.7245,47.0
2.72455,26.0
2.7246,31.0
2.72465,34.0
2.7247,40.0
2.72475,38.0
2.7295,29.0
2.72955,40.0
2.7296,34.0
2.72965,41.0
2.7297,35.0
2.72975,43.0
2.73445,26.0
2.7345,39.0
2.73455,31.0
2.7346,39.0
2.73465,41.0
2.7347,43.0
2.73475,31.0
2.73945,27.0
2.7395,41.0
2.73955,28.0
2.7396,39.0
2.73965,38.0
2.7397,39.0
2.73975,38.0
2.74445,33.0
2.7445,30.0
2.74455,30.0
2.7446,41.0
2.74465,34.0
2.7447,31.0
2.74475,43.0
2.74945,33.0
2.7495,33.0
2.74955,42.0
2.7496,40.0
2.74965,43.0
2.7497,32.0
2.74975,37.0
2.75445,28.0
2.7545,51.0
2.75455,35.0
2.7546,44.0
2.75465,43.0
2.7547,28.0
2.75475,36.0
2.75945,38.0
2.7595,32.0
2.75955,39.0
2.7596,42.0
2.75965,43.0
2.7597,39.0
2.75975,33.0
2.76445,38.0
2.7645,39.0
2.76455,37.0
2.7646,33.0
2.76465,38.0
2.7647,39.0
2.76475,31.0
2.76945,31.0
2.7695,38.0
2.76955,49.0
2.7696,37.0
2.76965,34.0
2.7697,37.0
2.76975,33.0
2.7745,37.0
2.77455,37.0
2.7746,35.0
2.77465,41.0
2.7747,31.0
2.77475,33.0
2.77945,24.0
2.7795,42.0
2.77955,39.0
2.7796,31.0
2.77965,41.0
2.7797,28.0
2.77975,28.0
2.78445,39.0
2.7845,35.0
2.78455,37.0
2.7846,39.0
2.78465,37.0
2.7847,29.0
2.78475,25.0
2.7894,22.0
2.78945,40.0
2.7895,33.0
2.78955,41.0
2.7896,37.0
2.78965,44.0
2.7897,27.0
2.78975,33.0
2.79445,39.0
2.7945,38.0
2.79455,32.0
2.7946,38.0
2.79465,41.0
2.7947,44.0
2.79475,27.0
2.79945,40.0
2.7995,39.0
2.79955,36.0
2.7996,52.0
2.79965,47.0
2.7997,30.0
2.79975,26.0
2.80445,38.0
2.8045,43.0
2.80455,35.0
2.8046,41.0
2.80465,34.0
2.8047,35.0
2.8094,23.0
2.80945,43.0
2.8095,35.0
2.80955,39.0
2.8096,38.0
2.80965,41.0
2.8097,21.0
2.80975,28.0
2.8144,26.0
2.81445,43.0
2.8145,35.0
2.81455,36.0
2.8146,39.0
2.81465,35.0
2.8147,41.0
2.8194,36.0
2.81945,33.0
2.8195,29.0
2.81955,34.0
2.8196,38.0
2.81965,42.0
2.8197,38.0
2.8244,28.0
2.82445,34.0
2.8245,40.0
2.82455,32.0
2.8246,42.0
2.82465,25.0
2.8247,46.0
2.8294,22.0
2.82945,49.0
2.8295,31.0
2.82955,29.0
2.8296,37.0
2.82965,30.0
2.8297,44.0
2.8344,40.0
2.83445,40.0
2.8345,26.0
2.83455,38.0
2.8346,42.0
2.83465,35.0
2.8347,50.0
2.8394,32.0
2.83945,35.0
2.8395,41.0
2.83955,30.0
2.8396,41.0
2.83965,38.0
2.8397,31.0
2.8444,44.0
2.84445,37.0
2.8445,33.0
2.84455,42.0
2.8446,44.0
2.84465,41.0
2.8447,42.0
2.8494,44.0
2.84945,43.0
2.8495,32.0
2.84955,40.0
2.8496,42.0
2.84965,30.0
2.8497,37.0
2.8544,30.0
2.85445,33.0
2.8545,47.0
2.85455,32.0
2.8546,41.0
2.85465,31.0
2.8547,40.0
2.8594,29.0
2.85945,37.0
2.8595,36.0
2.85955,23.0
2.8596,40.0
2.85965,45.0
2.8597,30.0
2.8644,39.0
2.86445,45.0
2.8645,33.0
2.86455,33.0
2.8646,42.0
2.86465,31.0
2.8647,30.0
2.8694,28.0
2.86945,20.0
2.8695,31.0
2.86955,31.0
2.8696,30.0
2.86965,35.0
2.8697,34.0
2.8744,40.0
2.87445,37.0
2.8745,30.0
2.87455,41.0
2.8746,31.0
2.87465,35.0
2.8747,30.0
2.8794,28.0
2.87945,43.0
2.8795,47.0
2.87955,36.0
2.8796,36.0
2.87965,42.0
2.8797,29.0
2.8844,34.0
2.88445,29.0
2.8845,34.0
2.88455,32.0
2.8846,40.0
2.88465,41.0
2.8847,32.0
2.8894,34.0
2.88945,40.0
2.8895,43.0
2.88955,43.0
2.8896,37.0
2.88965,44.0
2.8897,23.0
2.8944,38.0
2.89445,37.0
2.8945,42.0
2.89455,27.0
2.8946,35.0
2.89465,32.0
2.8947,24.0
2.8994,46.0
2.89945,40.0
2.8995,43.0
2.89955,34.0
2.8996,43.0
2.89965,36.0
2.8997,27.0
2.9044,29.0
2.90445,29.0
2.9045,26.0
2.90455,41.0
2.9046,36.0
2.90465,43.0
2.90935,22.0
2.9094,35.0
2.90945,38.0
2.9095,43.0
2.90955,34.0
2.9096,41.0
2.90965,35.0
2.91435,30.0
2.9144,31.0
2.91445,29.0
2.9145,35.0
2.91455,37.0
2.9146,32.0
2.91465,35.0
2.91935,30.0
2.9194,37.0
2.91945,31.0
2.9195,32.0
2.91955,34.0
2.9196,39.0
2.91965,32.0
2.92435,23.0
2.9244,36.0
2.92445,50.0
2.9245,42.0
2.92455,43.0
2.9246,43.0
2.92465,34.0
2.92935,34.0
2.9294,46.0
2.92945,40.0
2.9295,38.0
2.92955,37.0
2.9296,45.0
2.92965,35.0
2.93435,39.0
2.9344,38.0
2.93445,41.0
2.9345,38.0
2.93455,33.0
2.9346,42.0
2.93465,28.0
2.93935,28.0
2.9394,38.0
2.93945,34.0
2.9395,37.0
2.93955,40.0
2.9396,35.0
2.93965,31.0
2.94435,45.0
2.9444,29.0
2.94445,36.0
2.9445,41.0
2.94455,30.0
2.9446,35.0
2.94465,42.0
2.94935,40.0
2.9494,32.0
2.94945,38.0
2.9495,49.0
2.94955,37.0
2.9496,28.0
2.94965,33.0
2.95435,42.0
2.9544,43.0
2.95445,37.0
2.9545,36.0
2.95455,44.0
2.9546,39.0
2.95465,34.0
2.95935,36.0
2.9594,42.0
2.95945,46.0
2.9595,34.0
2.95955,34.0
2.9596,35.0
2.95965,31.0
2.96435,35.0
2.9644,28.0
2.96445,39.0
2.9645,42.0
2.96455,39.0
2.9646,37.0
2.96465,27.0
2.96935,49.0
2.9694,33.0
2.96945,27.0
2.9695,36.0
2.96955,39.0
2.9696,30.0
2.96965,31.0
2.9743,26.0
2.97435,38.0
2.9744,34.0
2.97445,46.0
2.9745,36.0
2.97455,27.0
2.9746,36.0
2.97465,29.0
2.97935,45.0
2.9794,28.0
2.97945,34.0
2.9795,50.0
2.97955,39.0
2.9796,35.0
2.97965,24.0
2.98435,41.0
2.9844,28.0
2.98445,34.0
2.9845,39.0
2.98455,26.0
2.9846,33.0
2.98465,21.0
2.9893,22.0
2.98935,27.0
2.9894,35.0
2.98945,34.0
2.9895,35.0
2.98955,40.0
2.9896,43.0
2.98965,22.0
2.9943,21.0
2.99435,33.0
2.9944,33.0
2.99445,37.0
2.9945,28.0
2.99455,40.0
2.9946,34.0
2.99465,30.0
2.99935,33.0
2.9994,39.0
2.99945,47.0
2.9995,33.0
2.99955,37.0
2.9996,51.0
2.99965,23.0
3.0043,22.0
3.00435,39.0
3.0044,37.0
3.00445,43.0
3.0045,31.0
3.00455,37.0
3.0046,35.0
3.0093,26.0
3.00935,33.0
3.0094,39.0
3.00945,43.0
3.0095,30.0
3.00955,35.0
3.0096,41.0
3.0143,32.0
3.01435,39.0
3.0144,47.0
3.01445,47.0
3.0145,47.0
3.01455,36.0
3.0146,34.0
3.0193,34.0
3.01935,35.0
3.0194,40.0
3.01945,37.0
3.0195,42.0
3.01955,33.0
3.0196,44.0
3.0243,40.0
3.02435,37.0
3.0244,43.0
3.02445,43.0
3.0245,34.0
3.02455,30.0
3.0246,26.0
3.0293,31.0
3.02935,27.0
3.0294,34.0
3.02945,51.0
3.0295,37.0
3.02955,37.0
3.0296,44.0
3.0343,33.0
3.03435,41.0
3.0344,45.0
3.03445,52.0
3.0345,30.0
3.03455,45.0
3.0346,34.0
3.0393,35.0
3.03935,38.0
3.0394,33.0
3.03945,40.0
3.0395,30.0
3.03955,38.0
3.0396,33.0
3.0443,32.0
3.04435,38.0
3.0444,46.0
3.04445,37.0
3.0445,29.0
3.04455,33.0
3.0446,45.0
3.0493,40.0
3.04935,40.0
3.0494,38.0
3.04945,39.0
3.0495,40.0
3.04955,39.0
3.0496,33.0
3.0543,33.0
3.05435,44.0
3.0544,41.0
3.05445,44.0
3.0545,39.0
3.05455,33.0
3.0546,33.0
3.0593,39.0
3.05935,37.0
3.0594,43.0
3.05945,32.0
3.0595,37.0
3.05955,46.0
3.0596,37.0
3.0643,38.0
3.06435,40.0
3.0644,47.0
3.06445,37.0
3.0645,31.0
3.06455,42.0
3.0646,29.0
3.0693,48.0
3.06935,27.0
3.0694,50.0
3.06945,43.0
3.0695,36.0
3.06955,33.0
3.0696,31.0
3.0743,29.0
3.07435,37.0
3.0744,38.0
3.07445,38.0
3.0745,37.0
3.07455,37.0
3.0746,25.0
3.0793,34.0
3.07935,37.0
3.0794,36.0
3.07945,39.0
3.0795,45.0
3.07955,33.0
3.0796,25.0
3.0843,38.0
3.08435,33.0
3.0844,42.0
3.08445,36.0
3.0845,49.0
3.08455,30.0
3.0893,35.0
3.08935,40.0
3.0894,31.0
3.08945,33.0
3.0895,35.0
3.08955,35.0
3.0896,21.0
3.0943,39.0
3.09435,35.0
3.0944,39.0
3.09445,39.0
3.0945,40.0
3.09455,36.0
3.0946,25.0
3.09925,23.0
3.0993,33.0
3.09935,39.0
3.0994,47.0
3.09945,27.0
3.0995,31.0
3.09955,35.0
3.10425,26.0
3.1043,29.0
3.10435,36.0
3.1044,34.0
3.10445,30.0
3.1045,36.0
3.10455,37.0
3.10925,29.0
3.1093,38.0
3.10935,45.0
3.1094,36.0
3.10945,38.0
3.1095,33.0
3.10955,37.0
3.11425,24.0
3.1143,33.0
3.11435,35.0
3.1144,50.0
3.11445,39.0
3.1145,32.0
3.11455,32.0
3.11925,34.0
3.1193,42.0
3.11935,41.0
3.1194,29.0
3.11945,41.0
3.1195,34.0
3.11955,35.0
3.12425,32.0
3.1243,38.0
3.12435,40.0
3.1244,38.0
3.12445,32.0
3.1245,41.0
3.12455,27.0
3.12925,38.0
3.1293,30.0
3.12935,38.0
3.1294,35.0
3.12945,28.0
3.1295,39.0
3.12955,45.0
3.13425,42.0
3.1343,32.0
3.13435,35.0
3.1344,45.0
3.13445,40.0
3.1345,31.0
3.13455,35.0
3.13925,38.0
3.1393,48.0
3.13935,42.0
3.1394,37.0
3.13945,41.0
3.1395,39.0
3.13955,36.0
3.14425,41.0
3.1443,35.0
3.14435,34.0
3.1444,37.0
3.14445,47.0
3.1445,33.0
3.14455,30.0
3.14925,37.0
3.1493,43.0
3.14935,37.0
3.1494,47.0
3.14945,37.0
3.1495,31.0
3.14955,39.0
3.15425,42.0
3.1543,48.0
3.15435,35.0
3.1544,38.0
3.15445,45.0
3.1545,35.0
3.15455,27.0
3.15925,32.0
3.1593,37.0
3.15935,35.0
3.1594,37.0
3.15945,37.0
3.1595,44.0
3.15955,32.0
3.16425,47.0
3.1643,34.0
3.16435,31.0
3.1644,46.0
3.16445,47.0
3.1645,38.0
3.16455,28.0
3.16925,39.0
3.1693,28.0
3.16935,34.0
3.1694,32.0
3.16945,36.0
3.1695,32.0
3.16955,30.0
3.1742,23.0
3.17425,38.0
3.1743,34.0
3.17435,37.0
3.1744,29.0
3.17445,40.0
3.1745,31.0
3.17455,23.0
3.1792,26.0
3.17925,30.0
3.1793,32.0
3.17935,28.0
3.1794,35.0
3.17945,32.0
3.1795,32.0
3.17955,31.0
3.1842,27.0
3.18425,44.0
3.1843,28.0
3.18435,32.0
3.1844,29.0
3.18445,39.0
3.1845,42.0
3.18455,21.0
3.18925,29.0
3.1893,36.0
3.18935,30.0
3.1894,31.0
3.18945,36.0
3.1895,38.0
3.18955,25.0
3.19425,40.0
3.1943,27.0
3.19435,38.0
3.1944,40.0
3.19445,44.0
3.1945,43.0
3.1992,29.0
3.19925,40.0
3.1993,41.0
3.19935,37.0
3.1994,34.0
3.19945,37.0
3.1995,44.0
3.2042,29.0
3.20425,46.0
3.2043,35.0
3.20435,38.0
3.2044,33.0
3.20445,41.0
3.2045,43.0
3.2092,31.0
3.20925,36.0
3.2093,37.0
3.20935,43.0
3.2094,50.0
3.20945,43.0
3.2095,44.0
3.2142,29.0
3.21425,46.0
3.2143,38.0
3.21435,38.0
3.2144,40.0
3.21445,43.0
3.2145,40.0
3.2192,45.0
3.21925,39.0
3.2193,36.0
3.21935,37.0
3.2194,42.0
3.21945,25.0
3.2195,40.0
3.2242,25.0
3.22425,30.0
3.2243,32.0
3.22435,43.0
3.2244,42.0
3.22445,33.0
3.2245,27.0
3.2292,42.0
3.22925,49.0
3.2293,39.0
3.22935,49.0
3.2294,44.0
3.22945,42.0
3.2295,36.0
3.2342,36.0
3.23425,34.0
3.2343,44.0
3.23435,36.0
3.2344,27.0
3.23445,47.0
3.2345,31.0
3.2392,40.0
3.23925,41.0
3.2393,39.0
3.23935,39.0
3.2394,52.0
3.23945,30.0
3.2395,49.0
3.2442,32.0
3.24425,35.0
3.2443,35.0
3.24435,36.0
3.2444,49.0
3.24445,33.0
3.2445,27.0
3.2492,38.0
3.24925,45.0
3.2493,43.0
3.24935,36.0
3.2494,33.0
3.24945,39.0
3.2495,36.0
3.2542,30.0
3.25425,37.0
3.2543,26.0
3.25435,45.0
3.2544,40.0
3.25445,37.0
3.2545,34.0
3.2592,37.0
3.25925,38.0
3.2593,49.0
3.25935,44.0
3.2594,34.0
3.25945,36.0
3.2595,31.0
3.2642,29.0
3.26425,42.0
3.2643,46.0
3.26435,40.0
3.2644,38.0
3.26445,32.0
3.2645,26.0
3.2692,34.0
3.26925,37.0
3.2693,51.0
3.26935,40.0
3.2694,35.0
3.26945,39.0
3.2695,21.0
3.2742,41.0
3.27425,36.0
3.2743,31.0
3.27435,31.0
3.2744,41.0
3.27445,43.0
3.2745,28.0
3.27915,22.0
3.2792,36.0
3.27925,37.0
3.2793,36.0
3.27935,31.0
3.2794,36.0
3.27945,41.0
3.2795,26.0
3.28415,32.0
3.2842,39.0
3.28425,37.0
3.2843,30.0
3.28435,35.0
3.2844,39.0
3.28445,37.0
3.28915,24.0
3.2892,34.0
3.28925,33.0
3.2893,38.0
3.28935,39.0
3.2894,35.0
3.28945,41.0
3.2895,21.0
3.2942,39.0
3.29425,38.0
3.2943,28.0
3.29435,29.0
3.2944,32.0
3.29445,36.0
3.29915,26.0
3.2992,28.0
3.29925,42.0
3.2993,41.0
3.29935,36.0
3.2994,43.0
3.29945,30.0
3.30415,26.0
3.3042,27.0
3.30425,34.0
3.3043,35.0
3.30435,29.0
3.3044,45.0
3.30445,25.0
3.30915,37.0
3.3092,41.0
3.30925,35.0
3.3093,34.0
3.30935,33.0
3.3094,37.0
3.30945,32.0
3.31415,40.0
3.3142,34.0
3.31425,36.0
3.3143,35.0
3.31435,31.0
3.3144,33.0
3.31445,25.0
3.31915,28.0
3.3192,34.0
3.31925,40.0
3.3193,32.0
3.31935,40.0
3.3194,34.0
3.31945,32.0
3.32415,29.0
3.3242,33.0
3.32425,44.0
3.3243,28.0
3.32435,47.0
3.3244,40.0
3.32445,27.0
3.32915,28.0
3.3292,39.0
3.32925,43.0
3.3293,42.0
3.32935,44.0
3.3294,35.0
3.32945,41.0
3.33415,33.0
3.3342,38.0
3.33425,40.0
3.3343,31.0
3.33435,41.0
3.3344,35.0
3.33445,29.0
3.33915,37.0
3.3392,39.0
3.33925,36.0
3.3393,32.0
3.33935,37.0
3.3394,42.0
3.33945,31.0
3.34415,39.0
3.3442,41.0
3.34425,50.0
3.3443,45.0
3.34435,43.0
3.3444,38.0
3.34915,30.0
3.3492,38.0
3.34925,33.0
3.3493,41.0
3.34935,38.0
3.3494,34.0
3.34945,36.0
3.35415,33.0
3.3542,30.0
3.35425,43.0
3.3543,41.0
3.35435,36.0
3.3544,31.0
3.35445,32.0
3.35915,27.0
3.3592,39.0
3.35925,40.0
3.3593,32.0
3.35935,33.0
3.3594,29.0
3.35945,29.0
3.36415,42.0
3.3642,30.0
3.36425,47.0
3.3643,36.0
3.36435,31.0
3.3644,41.0
3.36445,22.0
3.36915,44.0
3.3692,43.0
3.36925,36.0
3.3693,37.0
3.36935,38.0
3.3694,33.0
3.36945,21.0
3.3741,26.0
3.37415,38.0
3.3742,31.0
3.37425,43.0
3.3743,34.0
3.37435,26.0
3.3744,30.0
3.3791,24.0
3.37915,30.0
3.3792,36.0
3.37925,39.0
3.3793,41.0
3.37935,34.0
3.3794,35.0
3.37945,25.0
3.3841,30.0
3.38415,41.0
3.3842,36.0
3.38425,39.0
3.3843,35.0
3.38435,33.0
3.3844,30.0
3.3891,27.0
3.38915,33.0
3.3892,39.0
3.38925,37.0
3.3893,35.0
3.38935,32.0
3.3894,31.0
3.38945,22.0
3.3941,33.0
3.39415,45.0
3.3942,28.0
3.39425,31.0
3.3943,39.0
3.39435,35.0
3.3944,33.0
3.3991,33.0
3.39915,35.0
3.3992,35.0
3.39925,37.0
3.3993,44.0
3.39935,41.0
3.3994,45.0
3.4041,29.0
3.40415,30.0
3.4042,51.0
3.40425,46.0
3.4043,36.0
3.40435,39.0
3.4044,34.0
3.4091,38.0
3.40915,37.0
3.4092,49.0
3.40925,35.0
3.4093,35.0
3.40935,35.0
3.4094,48.0
3.4141,34.0
3.41415,30.0
3.4142,33.0
3.41425,32.0
3.4143,27.0
3.41435,26.0
3.4144,40.0
3.4191,45.0
3.41915,26.0
3.4192,37.0
3.41925,46.0
3.4193,42.0
3.41935,37.0
3.4194,35.0
3.4241,30.0
3.42415,40.0
3.4242,38.0
3.42425,33.0
3.4243,54.0
3.42435,41.0
3.4244,33.0
3.4291,45.0
3.42915,43.0
3.4292,44.0
3.42925,44.0
3.4293,37.0
3.42935,31.0
3.4294,32.0
3.4341,32.0
3.43415,41.0
3.4342,38.0
3.43425,48.0
3.4343,35.0
3.43435,30.0
3.4344,34.0
3.4391,42.0
3.43915,43.0
3.4392,47.0
3.43925,38.0
3.4393,43.0
3.43935,37.0
3.4394,32.0
3.4441,44.0
3.44415,41.0
3.4442,45.0
3.44425,42.0
3.4443,33.0
3.44435,34.0
3.4444,29.0
3.4491,34.0
3.44915,46.0
3.4492,40.0
3.44925,48.0
3.4493,32.0
3.44935,42.0
3.4494,21.0
3.4541,31.0
3.45415,41.0
3.4542,37.0
3.45425,34.0
3.4543,32.0
3.45435,33.0
3.4544,23.0
3.4591,37.0
3.45915,35.0
3.4592,36.0
3.45925,42.0
3.4593,35.0
3.45935,28.0
3.4641,31.0
3.46415,35.0
3.4642,41.0
3.46425,40.0
3.4643,33.0
3.46435,30.0
3.4644,21.0
3.46905,25.0
3.4691,32.0
3.46915,46.0
3.4692,44.0
3.46925,31.0
3.4693,34.0
3.46935,41.0
3.4741,36.0
3.47415,49.0
3.4742,30.0
3.47425,40.0
3.4743,41.0
3.47435,36.0
3.47905,28.0
3.4791,35.0
3.47915,40.0
3.4792,41.0
3.47925,37.0
3.4793,30.0
3.47935,26.0
3.48405,34.0
3.4841,42.0
3.48415,35.0
3.4842,44.0
3.48425,35.0
3.4843,32.0
3.48435,32.0
3.48905,34.0
3.4891,42.0
3.48915,41.0
3.4892,43.0
3.48925,37.0
3.4893,30.0
3.48935,33.0
3.49405,24.0
3.4941,38.0
3.49415,44.0
3.4942,33.0
3.49425,31.0
3.4943,29.0
3.49435,23.0
3.49905,27.0
3.4991,50.0
3.49915,44.0
3.4992,43.0
3.49925,37.0
3.4993,36.0
3.49935,35.0
3.50405,38.0
3.5041,42.0
3.50415,36.0
3.5042,34.0
3.50425,30.0
3.5043,47.0
3.50435,31.0
3.50905,28.0
3.5091,38.0
3.50915,36.0
3.5092,33.0
3.50925,43.0
3.5093,41.0
3.50935,43.0
3.51405,35.0
3.5141,37.0
3.51415,37.0
3.5142,43.0
3.51425,26.0
3.5143,37.0
3.51435,42.0
3.51905,42.0
3.5191,35.0
3.51915,49.0
3.5192,43.0
3.51925,38.0
3.5193,37.0
3.51935,37.0
3.52405,44.0
3.5241,44.0
3.52415,37.0
3.5242,39.0
3.52425,27.0
3.5243,37.0
3.52435,38.0
3.52905,33.0
3.5291,38.0
3.52915,38.0
3.5292,44.0
3.52925,31.0
3.5293,48.0
3.52935,29.0
3.53405,41.0
3.5341,35.0
3.53415,37.0
3.5342,43.0
3.53425,37.0
3.5343,38.0
3.53435,31.0
3.53905,53.0
3.5391,39.0
3.53915,43.0
3.5392,48.0
3.53925,33.0
3.5393,36.0
3.53935,34.0
3.54405,27.0
3.5441,53.0
3.54415,33.0
3.5442,35.0
3.54425,28.0
3.5443,39.0
3.54435,28.0
3.54905,34.0
3.5491,40.0
3.54915,39.0
3.5492,34.0
3.54925,46.0
3.5493,32.0
3.54935,30.0
3.554,23.0
3.55405,47.0
3.5541,35.0
3.55415,30.0
3.5542,33.0
3.55425,43.0
3.5543,35.0
3.55435,25.0
3.55905,44.0
3.5591,28.0
3.55915,36.0
3.5592,32.0
3.55925,38.0
3.5593,35.0
3.55935,21.0
3.56405,38.0
3.5641,37.0
3.56415,40.0
3.5642,35.0
3.56425,32.0
3.5643,44.0
3.56435,22.0
3.569,23.0
3.56905,39.0
3.5691,39.0
3.56915,35.0
3.5692,30.0
3.56925,36.0
3.5693,38.0
3.574,30.0
3.57405,33.0
3.5741,32.0
3.57415,36.0
3.5742,32.0
3.57425,32.0
3.5743,46.0
3.579,28.0
3.57905,39.0
3.5791,42.0
3.57915,43.0
3.5792,37.0
3.57925,37.0
3.5793,39.0
3.584,31.0
3.58405,31.0
3.5841,38.0
3.58415,45.0
3.5842,40.0
3.58425,48.0
3.5843,26.0
3.589,31.0
3.58905,35.0
3.5891,47.0
3.58915,47.0
3.5892,38.0
3.58925,33.0
3.5893,45.0
3.594,33.0
3.59405,32.0
3.5941,47.0
3.59415,35.0
3.5942,39.0
3.59425,35.0
3.5943,34.0
3.599,35.0
3.59905,41.0
3.5991,53.0
3.59915,43.0
3.5992,36.0
3.59925,44.0
3.5993,42.0
3.604,42.0
3.60405,37.0
3.6041,39.0
3.60415,36.0
3.6042,37.0
3.60425,34.0
3.6043,35.0
3.609,44.0
3.60905,33.0
3.6091,34.0
3.60915,33.0
3.6092,38.0
3.60925,42.0
3.6093,39.0
3.614,38.0
3.61405,38.0
3.6141,30.0
3.61415,42.0
3.6142,40.0
3.61425,32.0
3.6143,39.0
3.619,43.0
3.61905,22.0
3.6191,27.0
3.61915,34.0
3.6192,44.0
3.61925,42.0
3.6193,21.0
3.624,39.0
3.62405,34.0
3.6241,38.0
3.62415,35.0
3.6242,38.0
3.62425,33.0
3.6243,33.0
3.629,44.0
3.62905,42.0
3.6291,31.0
3.62915,32.0
3.6292,35.0
3.62925,34.0
3.6293,33.0
3.634,34.0
3.63405,48.0
3.6341,27.0
3.63415,37.0
3.6342,29.0
3.63425,34.0
3.6343,24.0
3.639,45.0
3.63905,38.0
3.6391,39.0
3.63915,34.0
3.6392,36.0
3.63925,35.0
3.644,35.0
3.64405,36.0
3.6441,37.0
3.64415,37.0
3.6442,37.0
3.64425,36.0
3.6443,24.0
3.649,32.0
3.64905,35.0
3.6491,39.0
3.64915,32.0
3.6492,39.0
3.64925,40.0
3.654,38.0
3.65405,36.0
3.6541,45.0
3.65415,49.0
3.6542,39.0
3.65425,38.0
3.6543,24.0
3.65895,23.0
3.659,34.0
3.65905,36.0
3.6591,42.0
3.65915,44.0
3.6592,45.0
3.65925,41.0
3.6593,25.0
3.66395,28.0
3.664,36.0
3.66405,41.0
3.6641,36.0
3.66415,40.0
3.6642,34.0
3.66425,37.0
3.6643,22.0
3.66895,25.0
3.669,38.0
3.66905,37.0
3.6691,33.0
3.66915,41.0
3.6692,39.0
3.66925,37.0
3.67395,39.0
3.674,32.0
3.67405,31.0
3.6741,34.0
3.67415,34.0
3.6742,41.0
3.67425,34.0
3.67895,29.0
3.679,34.0
3.67905,37.0
3.6791,38.0
3.67915,36.0
3.6792,35.0
3.67925,31.0
3.68395,26.0
3.684,39.0
3.68405,33.0
3.6841,32.0
3.68415,38.0
3.6842,30.0
3.68425,32.0
3.68895,39.0
3.689,31.0
3.68905,40.0
3.6891,44.0
3.68915,37.0
3.6892,34.0
3.68925,39.0
3.69395,24.0
3.694,43.0
3.69405,40.0
3.6941,38.0
3.69415,32.0
3.6942,42.0
3.69425,35.0
3.69895,43.0
3.699,32.0
3.69905,41.0
3.6991,35.0
3.69915,39.0
3.6992,34.0
3.69925,41.0
3.70395,34.0
3.704,30.0
3.70405,41.0
3.7041,48.0
3.70415,43.0
3.7042,39.0
3.70425,40.0
3.70895,36.0
3.709,35.0
3.70905,29.0
3.7091,36.0
3.70915,38.0
3.7092,36.0
3.70925,30.0
3.71395,43.0
3.714,34.0
3.71405,36.0
3.7141,32.0
3.71415,41.0
3.7142,29.0
3.71425,36.0
3.71895,37.0
3.719,33.0
3.71905,40.0
3.7191,38.0
3.71915,42.0
3.7192,36.0
3.71925,27.0
3.72395,45.0
3.724,42.0
3.72405,35.0
3.7241,40.0
3.72415,29.0
3.7242,39.0
3.72425,41.0
3.72895,38.0
3.729,37.0
3.72905,45.0
3.7291,41.0
3.72915,37.0
3.7292,29.0
3.72925,22.0
3.7339,24.0
3.73395,43.0
3.734,36.0
3.73405,37.0
3.7341,36.0
3.73415,52.0
3.7342,37.0
3.73425,30.0
3.73895,39.0
3.739,38.0
3.73905,25.0
3.7391,54.0
3.73915,43.0
3.7392,42.0
3.73925,26.0
3.74395,49.0
3.744,44.0
3.74405,41.0
3.7441,40.0
3.74415,32.0
3.7442,42.0
3.74425,24.0
3.74895,29.0
3.749,34.0
3.74905,46.0
3.7491,34.0
3.74915,38.0
3.7492,40.0
3.74925,23.0
3.75395,31.0
3.754,33.0
3.75405,37.0
3.7541,41.0
3.75415,40.0
3.7542,41.0
3.75425,25.0
3.7589,31.0
3.75895,43.0
3.759,40.0
3.75905,38.0
3.7591,46.0
3.75915,39.0
3.7592,36.0
3.7639,35.0
3.76395,38.0
3.764,39.0
3.76405,33.0
3.7641,19.0
3.76415,39.0
3.7642,32.0
3.7689,22.0
3.76895,28.0
3.769,31.0
3.76905,35.0
3.7691,46.0
3.76915,44.0
3.7692,29.0
3.77395,40.0
3.774,36.0
3.77405,43.0
3.7741,36.0
3.77415,36.0
3.7742,29.0
3.7789,38.0
3.77895,21.0
3.779,40.0
3.77905,39.0
3.7791,41.0
3.77915,29.0
3.7792,39.0
3.7839,27.0
3.78395,32.0
3.784,41.0
3.78405,38.0
3.7841,30.0
3.78415,32.0
3.7842,38.0
3.7889,38.0
3.78895,45.0
3.789,45.0
3.78905,36.0
3.7891,45.0
3.78915,33.0
3.7892,26.0
3.7939,35.0
3.79395,43.0
3.794,28.0
3.79405,34.0
3.7941,48.0
3.79415,33.0
3.7942,44.0
3.7989,49.0
3.79895,38.0
3.799,35.0
3.79905,35.0
3.7991,36.0
3.79915,30.0
3.7992,42.0
3.8039,25.0
3.80395,38.0
3.804,37.0
3.80405,39.0
3.8041,37.0
3.80415,51.0
3.8042,35.0
3.8089,39.0
3.80895,33.0
3.809,35.0
3.80905,41.0
3.8091,38.0
3.80915,31.0
3.8092,29.0
3.8139,26.0
3.81395,39.0
3.814,46.0
3.81405,41.0
3.8141,35.0
3.81415,36.0
3.8142,32.0
3.8189,35.0
3.81895,42.0
3.819,29.0
3.81905,34.0
3.8191,36.0
3.81915,43.0
3.8192,35.0
3.8239,36.0
3.82395,27.0
3.824,38.0
3.82405,40.0
3.8241,24.0
3.82415,36.0
3.8242,29.0
3.8289,47.0
3.82895,41.0
3.829,33.0
3.82905,32.0
3.8291,36.0
3.82915,32.0
3.8292,30.0
3.8339,31.0
3.83395,37.0
3.834,34.0
3.83405,48.0
3.8341,43.0
3.83415,47.0
3.8342,26.0
3.8389,47.0
3.83895,22.0
3.839,38.0
3.83905,48.0
3.8391,43.0
3.83915,29.0
3.8392,26.0
3.8439,45.0
3.84395,44.0
3.844,47.0
3.84405,33.0
3.8441,42.0
3.84415,43.0
3.8442,26.0
3.84885,28.0
3.8489,30.0
3.84895,42.0
3.849,38.0
3.84905,34.0
3.8491,59.0
3.84915,37.0
3.85385,22.0
3.8539,43.0
3.85395,39.0
3.854,40.0
3.85405,41.0
3.8541,37.0
3.85415,26.0
3.8542,23.0
3.8589,41.0
3.85895,34.0
3.859,39.0
3.85905,36.0
3.8591,43.0
3.85915,35.0
3.86385,32.0
3.8639,32.0
3.86395,43.0
3.864,41.0
3.86405,38.0
3.8641,41.0
3.86415,35.0
3.86885,34.0
3.8689,41.0
3.86895,35.0
3.869,26.0
3.86905,43.0
3.8691,43.0
3.86915,51.0
3.87385,30.0
3.8739,32.0
3.87395,42.0
3.874,43.0
3.87405,34.0
3.8741,48.0
3.87415,50.0
3.87885,38.0
3.8789,45.0
3.87895,45.0
3.879,32.0
3.87905,43.0
3.8791,30.0
3.87915,33.0
3.88385,34.0
3.8839,43.0
3.88395,36.0
3.884,27.0
3.88405,48.0
3.8841,29.0
3.88415,40.0
3.88885,32.0
3.8889,39.0
3.88895,38.0
3.889,49.0
3.88905,38.0
3.8891,33.0
3.88915,48.0
3.89385,35.0
3.8939,21.0
3.89395,38.0
3.894,34.0
3.89405,36.0
3.8941,42.0
3.89415,46.0
3.89885,38.0
3.8989,32.0
3.89895,36.0
3.899,32.0
3.89905,41.0
3.8991,32.0
3.89915,31.0
3.90385,29.0
3.9039,41.0
3.90395,50.0
3.904,23.0
3.90405,40.0
3.9041,26.0
3.90415,37.0
3.90885,39.0
3.9089,42.0
3.90895,41.0
3.909,40.0
3.90905,31.0
3.9091,30.0
3.90915,24.0
3.91385,37.0
3.9139,22.0
3.91395,40.0
3.914,38.0
3.91405,37.0
3.9141,34.0
3.91415,27.0
3.9188,21.0
3.91885,35.0
3.9189,41.0
3.91895,40.0
3.919,38.0
3.91905,32.0
3.9191,29.0
3.91915,26.0
3.92385,50.0
3.9239,25.0
3.92395,42.0
3.924,46.0
3.92405,30.0
3.9241,33.0
3.92415,34.0
3.92885,31.0
3.9289,32.0
3.92895,37.0
3.929,43.0
3.92905,38.0
3.9291,47.0
3.92915,27.0
3.93385,27.0
3.9339,41.0
3.93395,35.0
3.934,32.0
3.93405,41.0
3.9341,42.0
3.93415,26.0
3.9388,22.0
3.93885,41.0
3.9389,37.0
3.93895,47.0
3.939,44.0
3.93905,40.0
3.9391,41.0
3.93915,27.0
3.9438,23.0
3.94385,32.0
3.9439,36.0
3.94395,49.0
3.944,44.0
3.94405,41.0
3.9441,31.0
3.94415,22.0
3.94885,36.0
3.9489,35.0
3.94895,36.0
3.949,42.0
3.94905,34.0
3.9491,37.0
3.9538,24.0
3.95385,27.0
3.9539,45.0
3.95395,45.0
3.954,34.0
3.95405,47.0
3.9541,32.0
3.9588,26.0
3.95885,41.0
3.9589,33.0
3.95895,36.0
3.959,31.0
3.95905,45.0
3.9591,36.0
3.9638,24.0
3.96385,34.0
3.9639,34.0
3.96395,45.0
3.964,39.0
3.96405,45.0
3.9641,38.0
3.9688,38.0
3.96885,45.0
3.9689,34.0
3.96895,36.0
3.969,31.0
3.96905,43.0
3.9691,34.0
3.9738,28.0
3.97385,26.0
3.9739,36.0
3.97395,47.0
3.974,34.0
3.97405,42.0
3.9741,32.0
3.9788,38.0
3.97885,25.0
3.9789,34.0
3.97895,31.0
3.979,28.0
3.97905,45.0
3.9791,36.0
3.9838,31.0
3.98385,37.0
3.9839,28.0
3.98395,38.0
3.984,34.0
3.98405,56.0
3.9841,35.0
3.9888,43.0
3.98885,48.0
3.9889,38.0
3.98895,36.0
3.989,34.0
3.98905,27.0
3.9891,42.0
3.9938,42.0
3.99385,37.0
3.9939,35.0
3.99395,36.0
3.994,39.0
3.99405,35.0
3.9941,33.0
3.9988,42.0
3.99885,51.0
3.9989,35.0
3.99895,36.0
3.999,43.0
3.99905,36.0
3.9991,32.0
4.0038,35.0
4.00385,30.0
4.0039,33.0
4.00395,38.0
4.004,33.0
4.00405,37.0
4.0041,27.0
4.0088,43.0
4.00885,39.0
4.0089,40.0
4.00895,29.0
4.009,37.0
4.00905,36.0
4.0091,26.0
4.0138,37.0
4.01385,35.0
4.0139,47.0
4.01395,36.0
4.014,39.0
4.01405,34.0
4.0141,24.0
4.01875,24.0
4.0188,37.0
4.01885,38.0
4.0189,43.0
4.01895,29.0
4.019,39.0
4.01905,33.0
4.0191,23.0
4.0238,27.0
4.02385,38.0
4.0239,43.0
4.02395,43.0
4.024,31.0
4.02405,45.0
4.02875,24.0
4.0288,42.0
4.02885,45.0
4.0289,30.0
4.02895,30.0
4.029,35.0
4.02905,36.0
4.0291,27.0
4.0338,33.0
4.03385,43.0
4.0339,36.0
4.03395,44.0
4.034,39.0
4.03405,41.0
4.03875,24.0
4.0388,27.0
4.03885,37.0
4.0389,35.0
4.03895,37.0
4.039,34.0
4.03905,36.0
4.0391,24.0
4.04375,23.0
4.0438,41.0
4.04385,42.0
4.0439,32.0
4.04395,37.0
4.044,35.0
4.04405,32.0
4.04875,29.0
4.0488,30.0
4.04885,41.0
4.0489,53.0
4.04895,43.0
4.049,39.0
4.04905,39.0
4.05375,32.0
4.0538,36.0
4.05385,33.0
4.0539,39.0
4.05395,36.0
4.054,43.0
4.05405,31.0
4.05875,27.0
4.0588,42.0
4.05885,34.0
4.0589,25.0
4.05895,40.0
4.059,31.0
4.05905,43.0
4.06375,30.0
4.0638,34.0
4.06385,46.0
4.0639,37.0
4.06395,34.0
4.064,44.0
4.06405,36.0
4.06875,30.0
4.0688,38.0
4.06885,26.0
4.0689,31.0
4.06895,34.0
4.069,36.0
4.06905,44.0
4.07375,31.0
4.0738,30.0
4.07385,44.0
4.0739,39.0
4.07395,29.0
4.074,42.0
4.07405,43.0
4.07875,32.0
4.0788,27.0
4.07885,43.0
4.0789,31.0
4.07895,42.0
4.079,43.0
4.07905,33.0
4.08375,44.0
4.0838,41.0
4.08385,34.0
4.0839,38.0
4.08395,35.0
4.084,30.0
4.08405,35.0
4.08875,27.0
4.0888,40.0
4.08885,43.0
4.0889,40.0
4.08895,33.0
4.089,41.0
4.08905,32.0
4.09375,37.0
4.0938,39.0
4.09385,37.0
4.0939,43.0
4.09395,37.0
4.094,37.0
4.09405,39.0
4.09875,45.0
4.0988,37.0
4.09885,36.0
4.0989,38.0
4.09895,41.0
4.099,33.0
4.09905,22.0
4.10375,37.0
4.1038,36.0
4.10385,35.0
4.1039,42.0
4.10395,44.0
4.104,33.0
4.10405,27.0
4.1087,21.0
4.10875,25.0
4.1088,43.0
4.10885,36.0
4.1089,27.0
4.10895,39.0
4.109,26.0
4.10905,21.0
4.11375,32.0
4.1138,37.0
4.11385,42.0
4.1139,31.0
4.11395,46.0
4.114,41.0
4.11405,26.0
4.11875,39.0
4.1188,35.0
4.11885,44.0
4.1189,36.0
4.11895,42.0
4.119,39.0
4.11905,27.0
4.12375,36.0
4.1238,39.0
4.12385,33.0
4.1239,36.0
4.12395,36.0
4.124,34.0
4.12405,27.0
4.1287,23.0
4.12875,37.0
4.1288,36.0
4.12885,38.0
4.1289,37.0
4.12895,36.0
4.129,42.0
4.12905,29.0
4.1337,28.0
4.13375,43.0
4.1338,42.0
4.13385,36.0
4.1339,32.0
4.13395,33.0
4.134,44.0
4.1387,34.0
4.13875,38.0
4.1388,49.0
4.13885,41.0
4.1389,41.0
4.13895,43.0
4.139,43.0
4.1437,25.0
4.14375,35.0
4.1438,37.0
4.14385,26.0
4.1439,52.0
4.14395,27.0
4.144,41.0
4.1487,26.0
4.14875,34.0
4.1488,46.0
4.14885,33.0
4.1489,41.0
4.14895,39.0
4.149,35.0
4.1537,30.0
4.15375,40.0
4.1538,39.0
4.15385,33.0
4.1539,37.0
4.15395,38.0
4.154,39.0
4.1587,28.0
4.15875,33.0
4.1588,45.0
4.15885,34.0
4.1589,42.0
4.15895,39.0
4.159,46.0
4.1637,37.0
4.16375,33.0
4.1638,42.0
4.16385,32.0
4.1639,29.0
4.16395,47.0
4.164,32.0
4.1687,48.0
4.16875,27.0
4.1688,41.0
4.16885,42.0
4.1689,34.0
4.16895,43.0
4.169,46.0
4.1737,38.0
4.17375,39.0
4.1738,46.0
4.17385,31.0
4.1739,36.0
4.17395,40.0
4.174,44.0
4.1787,40.0
4.17875,36.0
4.1788,39.0
4.17885,37.0
4.1789,26.0
4.17895,33.0
4.179,27.0
4.1837,35.0
4.18375,38.0
4.1838,35.0
4.18385,34.0
4.1839,39.0
4.18395,32.0
4.184,33.0
4.1887,31.0
4.18875,42.0
4.1888,34.0
4.18885,43.0
4.1889,51.0
4.18895,38.0
4.189,35.0
4.1937,39.0
4.19375,40.0
4.1938,36.0
4.19385,40.0
4.1939,45.0
4.19395,35.0
4.194,35.0
4.1987,34.0
4.19875,42.0
4.1988,46.0
4.19885,35.0
4.1989,41.0
4.19895,36.0
4.199,31.0
4.2037,39.0
4.20375,37.0
4.2038,39.0
4.20385,26.0
4.2039,30.0
4.20395,37.0
4.204,30.0
4.2087,34.0
4.20875,44.0
4.2088,36.0
4.20885,38.0
4.2089,22.0
4.20895,31.0
4.209,31.0
4.21365,34.0
4.2137,31.0
4.21375,38.0
4.2138,43.0
4.21385,35.0
4.2139,34.0
4.21395,29.0
4.214,32.0
4.2187,36.0
4.21875,44.0
4.2188,31.0
4.21885,28.0
4.2189,32.0
4.21895,30.0
4.219,31.0
4.2237,34.0
4.22375,40.0
4.2238,31.0
4.22385,38.0
4.2239,33.0
4.22395,38.0
4.224,24.0
4.22865,23.0
4.2287,41.0
4.22875,41.0
4.2288,41.0
4.22885,43.0
4.2289,46.0
4.22895,47.0
4.23365,28.0
4.2337,36.0
4.23375,35.0
4.2338,32.0
4.23385,32.0
4.2339,39.0
4.23395,33.0
4.23865,22.0
4.2387,39.0
4.23875,45.0
4.2388,24.0
4.23885,28.0
4.2389,33.0
4.23895,40.0
4.24365,31.0
4.2437,43.0
4.24375,40.0
4.2438,38.0
4.24385,34.0
4.2439,32.0
4.24395,41.0
4.24865,33.0
4.2487,45.0
4.24875,29.0
4.2488,50.0
4.24885,33.0
4.2489,31.0
4.24895,49.0
4.25365,35.0
4.2537,36.0
4.25375,33.0
4.2538,44.0
4.25385,32.0
4.2539,49.0
4.25395,32.0
4.25865,35.0
4.2587,31.0
4.25875,33.0
4.2588,44.0
4.25885,40.0
4.2589,32.0
4.25895,36.0
4.26365,36.0
4.2637,36.0
4.26375,45.0
4.2638,33.0
4.26385,35.0
4.2639,27.0
4.26395,36.0
4.26865,45.0
4.2687,37.0
4.26875,42.0
4.2688,40.0
4.26885,33.0
4.2689,48.0
4.26895,37.0
4.27365,33.0
4.2737,37.0
4.27375,33.0
4.2738,40.0
4.27385,41.0
4.2739,48.0
4.27395,34.0
4.27865,40.0
4.2787,30.0
4.27875,34.0
4.2788,38.0
4.27885,35.0
4.2789,41.0
4.27895,31.0
4.28365,47.0
4.2837,39.0
4.28375,47.0
4.2838,45.0
4.28385,31.0
4.2839,34.0
4.28395,38.0
4.28865,28.0
4.2887,35.0
4.28875,48.0
4.2888,37.0
4.28885,39.0
4.2889,34.0
4.28895,28.0
4.29365,39.0
4.2937,45.0
4.29375,46.0
4.2938,39.0
4.29385,33.0
4.2939,30.0
4.29395,23.0
4.29865,34.0
4.2987,36.0
4.29875,34.0
4.2988,34.0
4.29885,34.0
4.2989,39.0
4.29895,23.0
4.3036,21.0
4.30365,41.0
4.3037,38.0
4.30375,42.0
4.3038,45.0
4.30385,41.0
4.3039,32.0
4.30395,28.0
4.30865,44.0
4.3087,41.0
4.30875,42.0
4.3088,39.0
4.30885,35.0
4.3089,37.0
4.31365,35.0
4.3137,34.0
4.31375,36.0
4.3138,39.0
4.31385,34.0
4.3139,44.0
4.31395,29.0
4.3186,21.0
4.31865,43.0
4.3187,26.0
4.31875,28.0
4.3188,30.0
4.31885,43.0
4.3189,34.0
4.31895,26.0
4.3236,21.0
4.32365,39.0
4.3237,32.0
4.32375,28.0
4.3238,39.0
4.32385,30.0
4.3239,34.0
4.3286,25.0
4.32865,37.0
4.3287,33.0
4.32875,39.0
4.3288,28.0
4.32885,35.0
4.3289,41.0
4.3336,36.0
4.33365,37.0
4.3337,42.0
4.33375,37.0
4.3338,29.0
4.33385,43.0
4.3339,45.0
4.3386,27.0
4.33865,39.0
4.3387,44.0
4.33875,43.0
4.3388,35.0
4.33885,34.0
4.3389,44.0
4.34365,34.0
4.3437,32.0
4.34375,38.0
4.3438,40.0
4.34385,32.0
4.3439,41.0
4.3486,34.0
4.34865,34.0
4.3487,38.0
4.34875,31.0
4.3488,40.0
4.34885,35.0
4.3489,44.0
4.3536,37.0
4.35365,31.0
4.3537,28.0
4.35375,48.0
4.3538,35.0
4.35385,38.0
4.3539,39.0
4.3586,34.0
4.35865,30.0
4.3587,43.0
4.35875,37.0
4.3588,42.0
4.35885,33.0
4.3589,39.0
4.3636,38.0
4.36365,35.0
4.3637,44.0
4.36375,36.0
4.3638,37.0
4.36385,42.0
4.3639,47.0
4.3686,39.0
4.36865,38.0
4.3687,43.0
4.36875,34.0
4.3688,32.0
4.36885,41.0
4.3689,35.0
4.3736,55.0
4.37365,39.0
4.3737,34.0
4.37375,39.0
4.3738,32.0
4.37385,28.0
4.3739,28.0
4.3786,33.0
4.37865,41.0
4.3787,31.0
4.37875,26.0
4.3788,31.0
4.37885,32.0
4.3836,40.0
4.38365,48.0
4.3837,33.0
4.38375,43.0
4.3838,39.0
4.38385,41.0
4.3839,35.0
4.3886,46.0
4.38865,52.0
4.3887,41.0
4.38875,41.0
4.3888,26.0
4.38885,41.0
4.3889,28.0
4.3936,32.0
4.39365,41.0
4.3937,36.0
4.39375,41.0
4.3938,37.0
4.39385,34.0
4.3939,35.0
4.3986,41.0
4.39865,36.0
4.3987,43.0
4.39875,39.0
4.3988,33.0
4.39885,41.0
4.4036,29.0
4.40365,35.0
4.4037,38.0
4.40375,31.0
4.4038,30.0
4.40385,42.0
4.4086,39.0
4.40865,27.0
4.4087,41.0
4.40875,36.0
4.4088,36.0
4.40885,43.0
4.4089,22.0
4.4136,44.0
4.41365,33.0
4.4137,23.0
4.41375,40.0
4.4138,47.0
4.41385,34.0
4.41855,28.0
4.4186,32.0
4.41865,42.0
4.4187,27.0
4.41875,36.0
4.4188,44.0
4.41885,51.0
4.42355,30.0
4.4236,45.0
4.42365,29.0
4.4237,43.0
4.42375,36.0
4.4238,35.0
4.42385,29.0
4.4286,29.0
4.42865,23.0
4.4287,30.0
4.42875,33.0
4.4288,36.0
4.42885,31.0
4.43355,30.0
4.4336,38.0
4.43365,41.0
4.4337,41.0
4.43375,35.0
4.4338,41.0
4.43385,33.0
4.43855,24.0
4.4386,39.0
4.43865,45.0
4.4387,39.0
4.43875,42.0
4.4388,38.0
4.43885,43.0
4.44355,38.0
4.4436,38.0
4.44365,42.0
4.4437,34.0
4.44375,39.0
4.4438,36.0
4.44385,37.0
4.44855,31.0
4.4486,38.0
4.44865,42.0
4.4487,40.0
4.44875,43.0
4.4488,53.0
4.44885,35.0
4.45355,32.0
4.4536,37.0
4.45365,34.0
4.4537,40.0
4.45375,38.0
4.4538,34.0
4.45385,39.0
4.45855,30.0
4.4586,29.0
4.45865,38.0
4.4587,51.0
4.45875,49.0
4.4588,35.0
4.45885,34.0
4.46355,36.0
4.4636,51.0
4.46365,36.0
4.4637,34.0
4.46375,27.0
4.4638,37.0
4.46385,36.0
4.46855,35.0
4.4686,44.0
4.46865,33.0
4.4687,42.0
4.46875,30.0
4.4688,31.0
4.46885,33.0
4.47355,35.0
4.4736,36.0
4.47365,44.0
4.4737,34.0
4.47375,29.0
4.4738,36.0
4.47385,40.0
4.47855,36.0
4.4786,32.0
4.47865,34.0
4.4787,31.0
4.47875,42.0
4.4788,41.0
4.47885,32.0
4.48355,51.0
4.4836,38.0
4.48365,46.0
4.4837,28.0
4.48375,33.0
4.4838,33.0
4.48385,29.0
4.48855,48.0
4.4886,47.0
4.48865,28.0
4.4887,33.0
4.48875,39.0
4.4888,24.0
4.48885,32.0
4.4935,21.0
4.49355,40.0
4.4936,25.0
4.49365,55.0
4.4937,32.0
4.49375,35.0
4.4938,27.0
4.49385,29.0
4.49855,32.0
4.4986,40.0
4.49865,32.0
4.4987,35.0
4.49875,39.0
4.4988,38.0
4.49885,25.0
4.50355,35.0
4.5036,38.0
4.50365,48.0
4.5037,31.0
4.50375,40.0
4.5038,33.0
4.50385,26.0
4.5085,25.0
4.50855,33.0
4.5086,32.0
4.50865,37.0
4.5087,43.0
4.50875,38.0
4.5088,29.0
4.5135,25.0
4.51355,50.0
4.5136,42.0
4.51365,50.0
4.5137,47.0
4.51375,31.0
4.5138,34.0
4.5185,31.0
4.51855,39.0
4.5186,39.0
4.51865,36.0
4.5187,29.0
4.51875,40.0
4.5188,27.0
4.5235,35.0
4.52355,33.0
4.5236,33.0
4.52365,41.0
4.5237,33.0
4.52375,26.0
4.5238,24.0
4.5285,23.0
4.52855,35.0
4.5286,39.0
4.52865,41.0
4.5287,40.0
4.52875,33.0
4.5288,36.0
4.5335,22.0
4.53355,32.0
4.5336,37.0
4.53365,37.0
4.5337,35.0
4.53375,31.0
4.5338,34.0
4.5385,27.0
4.53855,43.0
4.5386,37.0
4.53865,43.0
4.5387,40.0
4.53875,39.0
4.5388,40.0
4.5435,45.0
4.54355,33.0
4.5436,41.0
4.54365,26.0
4.5437,33.0
4.54375,52.0
4.5438,49.0
4.5485,38.0
4.54855,41.0
4.5486,39.0
4.54865,34.0
4.5487,37.0
4.54875,38.0
4.5488,30.0
4.5535,36.0
4.55355,31.0
4.5536,30.0
4.55365,36.0
4.5537,37.0
4.55375,45.0
4.5538,33.0
4.5585,30.0
4.55855,46.0
4.5586,30.0
4.55865,39.0
4.5587,34.0
4.55875,24.0
4.5588,44.0
4.5635,36.0
4.56355,27.0
4.5636,33.0
4.56365,29.0
4.5637,39.0
4.56375,38.0
4.5638,33.0
4.5685,36.0
4.56855,30.0
4.5686,50.0
4.56865,37.0
4.5687,44.0
4.56875,34.0
4.5688,35.0
4.5735,46.0
4.57355,34.0
4.5736,42.0
4.57365,37.0
4.5737,34.0
4.57375,35.0
4.5738,28.0
4.5785,38.0
4.57855,33.0
4.5786,36.0
4.57865,34.0
4.5787,38.0
4.57875,40.0
4.5788,25.0
4.5835,36.0
4.58355,42.0
4.5836,41.0
4.58365,36.0
4.5837,39.0
4.58375,45.0
4.5838,21.0
4.5885,36.0
4.58855,42.0
4.5886,34.0
4.58865,34.0
4.5887,38.0
4.58875,33.0
4.5888,26.0
4.5935,43.0
4.59355,34.0
4.5936,48.0
4.59365,36.0
4.5937,32.0
4.59375,45.0
4.59845,22.0
4.5985,37.0
4.59855,34.0
4.5986,43.0
4.59865,42.0
4.5987,46.0
4.59875,28.0
4.5988,23.0
4.60345,26.0
4.6035,22.0
4.60355,42.0
4.6036,43.0
4.60365,45.0
4.6037,38.0
4.60375,34.0
4.6038,22.0
4.60845,29.0
4.6085,40.0
4.60855,35.0
4.6086,41.0
4.60865,26.0
4.6087,36.0
4.60875,39.0
4.6088,24.0
4.61345,21.0
4.6135,40.0
4.61355,35.0
4.6136,28.0
4.61365,30.0
4.6137,42.0
4.61375,36.0
4.61845,29.0
4.6185,38.0
4.61855,39.0
4.6186,37.0
4.61865,33.0
4.6187,32.0
4.61875,31.0
4.62345,34.0
4.6235,30.0
4.62355,34.0
4.6236,43.0
4.62365,42.0
4.6237,27.0
4.62375,39.0
4.62845,32.0
4.6285,34.0
4.62855,45.0
4.6286,32.0
4.62865,33.0
4.6287,36.0
4.62875,39.0
4.63345,27.0
4.6335,47.0
4.63355,25.0
4.6336,34.0
4.63365,41.0
4.6337,36.0
4.63375,41.0
4.63845,40.0
4.6385,35.0
4.63855,39.0
4.6386,38.0
4.63865,42.0
4.6387,41.0
4.63875,39.0
4.64345,37.0
4.6435,43.0
4.64355,36.0
4.6436,36.0
4.64365,39.0
4.6437,48.0
4.64375,35.0
4.64845,37.0
4.6485,45.0
4.64855,40.0
4.6486,37.0
4.64865,39.0
4.6487,32.0
4.64875,37.0
4.65345,38.0
4.6535,30.0
4.65355,35.0
4.6536,42.0
4.65365,31.0
4.6537,27.0
4.65375,34.0
4.65845,28.0
4.6585,41.0
4.65855,36.0
4.6586,31.0
4.65865,30.0
4.6587,36.0
4.65875,28.0
4.66345,35.0
4.6635,35.0
4.66355,50.0
4.6636,36.0
4.66365,38.0
4.6637,29.0
4.66375,29.0
4.66845,30.0
4.6685,39.0
4.66855,31.0
4.6686,49.0
4.66865,39.0
4.6687,39.0
4.66875,27.0
4.67345,45.0
4.6735,32.0
4.67355,41.0
4.6736,23.0
4.67365,35.0
4.6737,36.0
4.67375,33.0
4.67845,36.0
4.6785,40.0
4.67855,45.0
4.6786,24.0
4.67865,35.0
4.6787,36.0
4.67875,31.0
4.68345,33.0
4.6835,39.0
4.68355,29.0
4.6836,38.0
4.68365,45.0
4.6837,35.0
4.68375,23.0
4.6885,30.0
4.68855,57.0
4.6886,40.0
4.68865,44.0
4.6887,40.0
4.68875,21.0
4.69345,26.0
4.6935,34.0
4.69355,31.0
4.6936,38.0
4.69365,33.0
4.6937,38.0
4.6984,26.0
4.69845,25.0
4.6985,41.0
4.69855,25.0
4.6986,42.0
4.69865,42.0
4.6987,44.0
4.7034,23.0
4.70345,39.0
4.7035,42.0
4.70355,39.0
4.7036,34.0
4.70365,45.0
4.7037,40.0
4.7084,22.0
4.70845,37.0
4.7085,35.0
4.70855,33.0
4.7086,32.0
4.70865,44.0
4.7087,39.0
4.7134,32.0
4.71345,56.0
4.7135,37.0
4.71355,45.0
4.7136,35.0
4.71365,45.0
4.7137,41.0
4.71845,44.0
4.7185,28.0
4.71855,32.0
4.7186,37.0
4.71865,37.0
4.7187,35.0
4.7234,29.0
4.72345,34.0
4.7235,34.0
4.72355,36.0
4.7236,36.0
4.72365,32.0
4.7237,36.0
4.7284,29.0
4.72845,43.0
4.7285,41.0
4.72855,49.0
4.7286,48.0
4.72865,38.0
4.7287,32.0
4.7334,38.0
4.73345,35.0
4.7335,35.0
4.73355,36.0
4.7336,38.0
4.73365,35.0
4.7337,31.0
4.7384,34.0
4.73845,40.0
4.7385,33.0
4.73855,40.0
4.7386,28.0
4.73865,39.0
4.7387,38.0
4.7434,37.0
4.74345,38.0
4.7435,40.0
4.74355,41.0
4.7436,45.0
4.74365,46.0
4.7437,38.0
4.7484,41.0
4.74845,35.0
4.7485,50.0
4.74855,35.0
4.7486,40.0
4.74865,34.0
4.7487,38.0
4.7534,39.0
4.75345,42.0
4.7535,45.0
4.75355,34.0
4.7536,44.0
4.75365,42.0
4.7537,40.0
4.7584,33.0
4.75845,39.0
4.7585,24.0
4.75855,43.0
4.7586,42.0
4.75865,28.0
4.7587,33.0
4.7634,36.0
4.76345,34.0
4.7635,31.0
4.76355,36.0
4.7636,35.0
4.76365,41.0
4.7637,23.0
4.76835,23.0
4.7684,36.0
4.76845,32.0
4.7685,43.0
4.76855,40.0
4.7686,41.0
4.76865,28.0
4.7687,24.0
4.7734,49.0
4.77345,41.0
4.7735,31.0
4.77355,36.0
4.7736,37.0
4.77365,35.0
4.77835,21.0
4.7784,39.0
4.77845,37.0
4.7785,40.0
4.77855,40.0
4.7786,32.0
4.77865,42.0
4.7787,21.0
4.7834,34.0
4.78345,39.0
4.7835,33.0
4.78355,41.0
4.7836,29.0
4.78365,33.0
4.7837,24.0
4.78835,26.0
4.7884,31.0
4.78845,34.0
4.7885,37.0
4.78855,27.0
4.7886,30.0
4.78865,37.0
4.7934,41.0
4.79345,46.0
4.7935,39.0
4.79355,33.0
4.7936,36.0
4.79365,28.0
4.79835,32.0
4.7984,32.0
4.79845,38.0
4.7985,37.0
4.79855,43.0
4.7986,27.0
4.79865,31.0
4.80335,28.0
4.8034,39.0
4.80345,39.0
4.8035,33.0
4.80355,40.0
4.8036,25.0
4.80365,35.0
4.80835,37.0
4.8084,43.0
4.80845,30.0
4.8085,38.0
4.80855,33.0
4.8086,33.0
4.80865,41.0
4.81335,32.0
4.8134,41.0
4.81345,32.0
4.8135,35.0
4.81355,35.0
4.8136,34.0
4.81365,26.0
4.81835,32.0
4.8184,45.0
4.81845,39.0
4.8185,33.0
4.81855,39.0
4.8186,37.0
4.81865,34.0
4.82335,30.0
4.8234,38.0
4.82345,31.0
4.8235,33.0
4.82355,45.0
4.8236,36.0
4.82365,40.0
4.82835,32.0
4.8284,53.0
4.82845,40.0
4.8285,43.0
4.82855,42.0
4.8286,38.0
4.82865,44.0
4.83335,43.0
4.8334,38.0
4.83345,35.0
4.8335,42.0
4.83355,39.0
4.8336,26.0
4.83365,48.0
4.83835,32.0
4.8384,43.0
4.83845,33.0
4.8385,33.0
4.83855,41.0
4.8386,40.0
4.83865,29.0
4.84335,39.0
4.8434,33.0
4.84345,41.0
4.8435,32.0
4.84355,33.0
4.8436,44.0
4.84365,40.0
4.84835,35.0
4.8484,36.0
4.84845,33.0
4.8485,23.0
4.84855,42.0
4.8486,46.0
4.84865,30.0
4.85335,47.0
4.8534,37.0
4.85345,29.0
4.8535,36.0
4.85355,43.0
4.8536,28.0
4.85365,24.0
4.85835,42.0
4.8584,32.0
4.85845,36.0
4.8585,34.0
4.85855,32.0
4.8586,28.0
4.85865,25.0
4.86335,42.0
4.8634,36.0
4.86345,31.0
4.8635,35.0
4.86355,37.0
4.8636,48.0
4.86365,31.0
4.8683,23.0
4.86835,47.0
4.8684,41.0
4.86845,32.0
4.8685,32.0
4.86855,29.0
4.8686,31.0
4.86865,23.0
4.8733,21.0
4.87335,43.0
4.8734,38.0
4.87345,37.0
4.8735,43.0
4.87355,26.0
4.8736,31.0
4.87835,35.0
4.8784,35.0
4.87845,41.0
4.8785,46.0
4.87855,30.0
4.8786,46.0
4.87865,23.0
4.8833,24.0
4.88335,33.0
4.8834,45.0
4.88345,33.0
4.8835,44.0
4.88355,37.0
4.8836,35.0
4.88365,21.0
4.8883,27.0
4.88835,34.0
4.8884,41.0
4.88845,38.0
4.8885,32.0
4.88855,32.0
4.8886,37.0
4.88865,21.0
4.8933,21.0
4.89335,42.0
4.8934,38.0
4.89345,34.0
4.8935,37.0
4.89355,40.0
4.8936,22.0
4.89365,23.0
4.8983,23.0
4.89835,51.0
4.8984,42.0
4.89845,39.0
4.8985,36.0
4.89855,47.0
4.8986,36.0
4.9033,39.0
4.90335,38.0
4.9034,47.0
4.90345,27.0
4.9035,36.0
4.90355,32.0
4.9036,34.0
4.9083,32.0
4.90835,32.0
4.9084,43.0
4.90845,41.0
4.9085,41.0
4.90855,37.0
4.9086,30.0
4.9133,33.0
4.91335,37.0
4.9134,36.0
4.91345,38.0
4.9135,31.0
4.91355,33.0
4.9136,30.0
4.9183,34.0
4.91835,39.0
4.9184,41.0
4.91845,33.0
4.9185,38.0
4.91855,38.0
4.9186,37.0
4.9233,36.0
4.92335,38.0
4.9234,28.0
4.92345,45.0
4.9235,42.0
4.92355,45.0
4.9236,48.0
4.9283,38.0
4.92835,30.0
4.9284,34.0
4.92845,42.0
4.9285,32.0
4.92855,30.0
4.9286,34.0
4.9333,41.0
4.93335,42.0
4.9334,47.0
4.93345,35.0
4.9335,27.0
4.93355,34.0
4.9336,44.0
4.9383,39.0
4.93835,24.0
4.9384,38.0
4.93845,43.0
4.9385,30.0
4.93855,36.0
4.9386,36.0
4.9433,38.0
4.94335,40.0
4.9434,34.0
4.94345,37.0
4.9435,40.0
4.94355,41.0
4.9436,28.0
4.9483,36.0
4.94835,34.0
4.9484,31.0
4.94845,41.0
4.9485,28.0
4.94855,40.0
4.9486,37.0
4.9533,45.0
4.95335,35.0
4.9534,23.0
4.95345,31.0
4.9535,45.0
4.95355,36.0
4.9536,29.0
4.9583,46.0
4.95835,34.0
4.9584,28.0
4.95845,37.0
4.9585,43.0
4.95855,39.0
4.9586,30.0
4.9633,36.0
4.96335,52.0
4.9634,41.0
4.96345,40.0
4.9635,39.0
4.96355,41.0
4.9636,21.0
4.9683,41.0
4.96835,31.0
4.9684,31.0
4.96845,35.0
4.9685,44.0
4.96855,29.0
4.9733,37.0
4.97335,33.0
4.9734,25.0
4.97345,38.0
4.9735,40.0
4.97355,36.0
4.9736,22.0
4.97825,26.0
4.9783,39.0
4.97835,38.0
4.9784,37.0
4.97845,33.0
4.9785,27.0
4.97855,39.0
4.98325,28.0
4.9833,42.0
4.98335,38.0
4.9834,37.0
4.98345,47.0
4.9835,43.0
4.98355,37.0
4.98825,35.0
4.9883,35.0
4.98835,40.0
4.9884,29.0
4.98845,41.0
4.9885,39.0
4.98855,41.0
4.9933,30.0
4.99335,27.0
4.9934,29.0
4.99345,34.0
4.9935,38.0
4.99355,36.0
4.9936,24.0
4.99825,32.0
4.9983,47.0
4.99835,32.0
4.9984,36.0
4.99845,33.0
4.9985,43.0
4.99855,33.0
